time,population_run_1,population_run_2,population_run_3,population_run_4,population_run_5,population_run_6,population_run_7,population_run_8,population_run_9,population_run_10,population_run_11,population_run_12,population_run_13,population_run_14,population_run_15,ca2mean_run_15,ca2mean_run_14,ca2mean_run_13,ca2mean_run_12,ca2mean_run_11,ca2mean_run_10,ca2mean_run_9,ca2mean_run_8,ca2mean_run_7,ca2mean_run_6,ca2mean_run_5,ca2mean_run_4,ca2mean_run_3,ca2mean_run_2,ca2mean_run_1
1,4,4,3,29,4,8,3,10,2,8,25,7,17,10,6,-1.2039941756969883,3.2003492372874276,-2.5023988755387014,-1.6890674314336156,2.583609608418837,0.2694897553671533,-1.391810525323328,-2.1312438818888526,6.767106347317185,2.7480972370970065,0.34394181406615737,2.9925688373765276,-0.6301919189169592,-3.5624612804749245,4.391315069524759
2,6,6,4,37,5,13,9,10,2,11,34,10,21,12,8,-1.3159390479325905,3.4680091469497167,-3.0648212156181462,-1.0959455048042201,3.0306162877712475,0.3096692652524855,-1.3920534959211794,-2.1624895937942323,8.533442745936869,3.669757031970724,0.32673550032994114,4.179480655712628,-0.7035452132211963,-3.7138738751951093,4.607773762766405
3,6,6,3,46,5,15,13,12,3,12,41,11,20,13,16,-1.1395115083657859,3.4697194468163937,-2.990756912910073,0.06422607161354985,3.081341450233134,0.3412448790532956,-1.446883563730457,-2.092559544220606,7.421399621185094,3.614560214845478,0.3295454953503292,3.9457710922683025,-0.6538793545818578,-3.7241687943537714,4.398152097641655
4,6,7,3,45,8,17,12,12,4,12,44,10,19,13,18,-1.1574147754318653,3.6569046733369945,-3.062831122512833,0.09958775417906074,3.571634952507507,0.42614909765936415,-1.5740119922802962,-2.2950906195513667,7.092864201397332,3.846687948210479,0.3405540943023688,4.020279441575005,-0.6558980109959274,-4.08567716431403,4.397342342026919
5,11,8,3,45,9,18,13,12,6,16,45,10,22,13,22,-1.2014903820619491,4.097520943223799,-3.116745886492576,0.07593029596502884,3.019473905606455,0.5238807487969737,-1.757705362038903,-2.3376353589194614,7.535905979280144,3.0944288299750444,0.3516204190409545,4.289694334229534,-0.6571705899633532,-4.300774416421884,5.022269137426532
6,14,9,6,50,9,20,14,12,6,16,48,12,21,14,21,-1.2350653818481008,4.104331193647301,-3.2182041755734465,0.29399343445614656,3.140870653168798,0.4789269800005657,-1.757630400191021,-2.1819159017737433,7.610567858329536,2.9965726993415447,0.35929286366455704,3.856567537895405,-0.6926526646456391,-4.247557551607178,5.335856155025091
7,17,10,6,53,9,22,15,12,10,17,48,14,19,15,23,-1.2502171840551684,4.157557831688481,-3.1760425269621284,0.5296076560914642,3.1363986305638676,0.4251455474591636,-1.8049802428403028,-2.2204323079269352,6.9544968015676485,3.0174594039452094,0.3698975523652155,3.6804317284888217,-0.6707648033296759,-3.6094689339481087,5.577672737337176
8,18,10,6,52,10,24,15,12,10,19,49,13,20,17,23,-1.160481714428205,3.833448402326778,-3.2064758528338575,0.524099866293001,2.86407731054763,0.4786465024078815,-1.8118139597036178,-2.2463215917132233,7.538386423375187,2.8844302091990706,0.3739073385657195,3.807462332721645,-0.7028188038989053,-3.6870222140439752,5.644384611522404
9,17,11,6,53,10,23,17,12,14,21,52,13,21,16,21,-1.1938329650279493,3.872886425492329,-2.6946114887100294,0.6154496858233073,3.0223489573274933,0.4994430958496633,-1.5956960517477885,-2.279308540760069,7.199802921953157,2.7972586481970336,0.37883103236053145,3.888605113940819,-0.6606286734695824,-3.8013259584063186,5.627832724130993
10,18,11,6,54,10,22,17,11,14,21,54,13,22,18,23,-1.082428485503098,3.407018024823631,-2.962985341895719,0.5804324305780152,3.105686688254146,0.5145284701916952,-1.480398063640006,-2.317840287545276,7.3597132631670705,2.8142843687688432,0.38562563528534594,3.7228635026230372,-0.6962442036695994,-3.3433045762350733,5.6200242097467275
11,17,12,8,60,10,22,18,11,14,21,56,13,24,17,23,-1.1132849101681765,3.538449386154871,-2.989354710770247,0.7290372820659049,2.955471141232352,0.4048493826684468,-1.5308454830467992,-2.270833200146455,7.58831974174548,2.6034929415987156,0.38777584471127324,3.825898281440741,-0.6855411443365603,-3.6392614727238013,4.5254226878875246
12,16,13,9,60,10,22,18,12,14,21,56,14,24,19,23,-1.1114666355913556,3.5804713554667504,-2.740895790842211,0.7864001200822066,2.9262523808911474,0.43688800955842694,-1.5844226215733328,-2.276914161572107,7.631778097502519,2.6367903806407664,0.3881451275969444,3.893612677554833,-0.7295569784224408,-3.659401858936774,4.6174533626508145
13,16,13,8,59,12,26,19,11,18,20,56,14,26,20,24,-1.1074140553535907,3.3994283628889295,-2.747650105430025,0.7576998629471544,2.6225844724921776,0.4508046513123011,-1.6293045088842806,-2.303014375997676,7.44013724197618,2.6985791086136315,0.3552998186693198,3.754247092111505,-0.7346332452851425,-3.406269059864062,4.729982647941199
14,19,14,8,58,12,27,19,11,18,20,57,14,26,20,25,-1.1260585418012587,3.519569258755303,-2.713192803363219,0.7991967530996444,2.537463475530149,0.4993952028476562,-1.6513803212658178,-2.3338053396319283,7.266847526709296,2.634820103664122,0.35255004298746867,3.7248617417167296,-0.6945583357874565,-3.573454577364174,4.665736709660115
15,19,13,9,58,13,31,20,11,19,23,58,15,26,20,25,-1.1440412959195088,3.4541136346172956,-2.7521848578861223,0.8022789599443432,2.5808397480222287,0.51387950327565,-1.5609230598597683,-2.3410931014249763,7.168172189701169,2.6297832446857985,0.33228219323694314,3.604128901865396,-0.6949514275783417,-3.5148030899542397,4.724637689737404
16,21,14,9,58,13,30,20,10,18,22,60,14,27,20,25,-1.0912840260904684,3.4587652516641585,-2.79226174119815,0.871802940521085,2.6514053406359164,0.48194736501183427,-1.620621642382071,-2.33323915482584,7.235365679193796,2.608133193828942,0.3494085166474178,3.6041458298778952,-0.6775608064539224,-3.612390880036525,4.9252340492395055
17,21,15,9,61,13,29,20,9,20,22,63,14,28,20,27,-1.1138324602857688,3.4851219971302494,-2.8927082055269273,0.8503751458196348,2.73122488718811,0.4482042080286586,-1.6366399923240227,-2.1913068792521684,7.266005730047241,2.6076485251955557,0.36181541834201275,3.5948058738225916,-0.6762715213499548,-3.5346608844778378,4.872089149177709
18,25,15,9,61,13,31,20,9,20,23,64,14,28,20,27,-1.1359409275410295,3.4514198877338695,-2.964681811865878,0.8539519996256786,2.7657375260378783,0.44129904044734886,-1.5274374643380197,-2.2448025282334387,7.390332995226037,2.644409117870685,0.3638037545063654,3.5723533203185562,-0.6859232458297929,-3.687572957081704,4.9201799501936145
19,27,16,9,63,13,31,22,9,22,23,64,15,29,22,28,-1.0764023137285934,3.504167667276433,-2.9811588789893437,0.9011595059843686,2.7861871908139624,0.46686340753437705,-1.5098498519806058,-2.1321293481174477,7.46553124911681,2.62935174708011,0.36111075175678975,3.5643094903017984,-0.6853206465869031,-3.5834774552921984,5.05372847539282
20,27,17,10,65,14,32,22,10,22,24,65,14,29,23,30,-1.105271944620896,3.5298049216481173,-3.0100165233225833,0.9377294562692892,2.4885020232095925,0.4641551752208616,-1.5123609861316611,-2.167237198372486,7.491341867325944,2.642588497088557,0.3587360308241296,3.5874895867070298,-0.6773017172334742,-3.577569280887863,5.0415780542365
21,27,17,10,63,14,31,22,10,23,25,66,14,30,24,30,-1.107009568652772,3.4436288153457353,-2.7758141330539354,0.8947975166424706,2.580411908862841,0.454672663777828,-1.5021899601946838,-2.161809947950878,7.49878118563128,2.627092708754437,0.36058839416389676,3.605969588389879,-0.6737046114524088,-3.637955838222781,4.917080119099887
22,27,17,11,64,13,31,24,11,27,25,67,16,32,26,30,-1.0634469969534854,3.472174925819971,-2.837646956754839,0.9083196066904011,2.5918305531928874,0.455837948682143,-1.4879679062988453,-2.101169078284142,7.441420521894028,2.6478247751075044,0.36059237816089695,3.6550890691530658,-0.6796984244849685,-3.65966818036662,4.9300066466147365
23,27,18,12,66,16,32,24,12,28,24,68,18,33,27,31,-1.0798748124058324,3.419553670518834,-2.8401127198342695,0.8283688969748721,2.592094744451259,0.45340956773018765,-1.4967996858367523,-2.018917464154561,7.460625000339162,2.656588239490123,0.3448313810510741,3.573270355060771,-0.6744936936494343,-3.660459539537651,4.836876351675478
24,27,18,12,65,16,32,22,14,29,25,69,17,35,30,32,-1.0720429376990115,3.4649280580200603,-2.8365180681426785,0.8363213369798304,2.533355128031353,0.4659949021316095,-1.5192983228606864,-1.9552618437039624,7.291797160487217,2.6720471772322556,0.34743518344372315,3.622586496929081,-0.6745836127992739,-3.57686411206083,4.888325575951556
25,27,19,12,65,14,31,25,15,28,25,69,17,34,35,33,-1.0734381043044452,3.350650417344549,-2.847952861398228,0.8312958475913504,2.5393649311698967,0.4700544061882913,-1.521957087406615,-1.890899767032427,7.1273212934786665,2.669566255587866,0.329523646180086,3.6477212608862954,-0.6562126781362679,-3.598385787707958,4.711976995138412
26,28,20,12,65,15,30,25,15,28,26,69,18,32,34,34,-1.0446625396396585,3.391188301636024,-2.8800593897391744,0.8240933587860009,2.508176172041095,0.4661440479150003,-1.499038073222389,-1.867166033734745,7.365074636260997,2.63544166021725,0.33519623143200045,3.6444117087562633,-0.6573370203471555,-3.6053365415893017,4.807010633287365
27,28,21,11,64,15,30,26,16,28,26,70,18,34,34,34,-1.046165158126378,3.342201574211279,-2.8518155317824663,0.7680190747583534,2.508125173081131,0.469326975117942,-1.4758851692622388,-1.8609623155852408,7.342524300569361,2.568790292989387,0.33585502813354184,3.620561809426619,-0.6614517137572862,-3.6216056620122634,4.82460786791264
28,29,21,11,63,15,30,25,16,27,27,72,18,34,34,36,-1.0500507373709562,3.3236347290122836,-2.7346623639881082,0.6538418941610505,2.4698981826140454,0.46867572761950693,-1.488366447757025,-1.8256315254664177,7.4017408758319485,2.5310257885128236,0.33686193332649056,3.603480107165894,-0.6523940945141629,-3.56320810676114,4.843248621248713
29,29,21,11,63,17,30,26,17,27,27,72,18,34,34,36,-1.0257068315178155,3.3556321686931434,-2.7529250581290476,0.7064080619493416,2.4441672377948325,0.48540780367411984,-1.484033023580849,-1.826370581099658,7.4169731997051,2.4608173834846268,0.3290196322093851,3.6242460358879303,-0.6412448546828121,-3.513843597272942,4.777960476494721
30,28,20,11,62,18,31,27,17,29,27,71,18,34,35,36,-1.0264022260208665,3.3735265977878575,-2.7112538590005277,0.689723795636889,2.44537161524672,0.48432891429726216,-1.4808937042342325,-1.7678141316034992,7.467618409184431,2.467635884524344,0.3355680117174757,3.625301540268437,-0.648992621875275,-3.491686719191081,4.7046680646184456
31,28,21,12,66,18,33,26,17,29,27,72,18,34,34,36,-1.0212866875353348,3.4001085448756263,-2.7132808440522567,0.6346321154195376,2.4705237861871243,0.49200457517174717,-1.4615255727213001,-1.7518152439933814,7.354657831750024,2.4628251757020494,0.3374991334713356,3.5544219509989987,-0.6503161528478393,-3.4768234113934837,4.656116635475202
32,29,22,13,65,18,33,27,17,29,26,74,17,34,36,38,-1.0321196464076667,3.3441555210974894,-2.700244006045015,0.6481500267280511,2.4850690842847896,0.4892300112855556,-1.4826769061606986,-1.753665920627753,7.355908399672417,2.459616378854928,0.33634293582775016,3.5459448756563563,-0.648166532789562,-3.460937157589828,4.698849313916152
33,31,22,13,66,19,34,27,17,30,27,71,17,35,35,38,-1.0333902086988875,3.3380849678496753,-2.6479674996406524,0.6304587868039938,2.4934870786588936,0.49334135860976014,-1.4539594831851903,-1.7252899387365825,7.40746298297716,2.460944816964499,0.3276854930456946,3.5380227542201426,-0.6430245626595417,-3.4457344273929262,4.732626481546219
34,31,22,13,66,18,36,28,17,30,25,71,17,35,37,39,-1.035281981774168,3.3490830201629356,-2.6548660971455016,0.6283449894825003,2.4571340739544794,0.4836462424863841,-1.459367273924143,-1.6813472723042524,7.435910030211811,2.4435949341521286,0.3270675612793533,3.49162865943918,-0.6432281658736101,-3.442684702162406,4.614682764188968
35,32,22,13,68,20,36,27,17,31,25,74,15,36,37,39,-1.023563049519562,3.3551058773953124,-2.688155670379534,0.6251211700476037,2.461774280507252,0.4685823716269858,-1.4586308423480225,-1.6870431460975288,7.368075323726983,2.4518160352211646,0.32652981941505105,3.4903715744228556,-0.6392842581407164,-3.472400430163684,4.63633472154567
36,32,22,13,67,18,38,28,17,32,25,75,15,37,37,40,-1.0101535053452806,3.337515928742372,-2.660940689205476,0.6251476094644698,2.471646712472663,0.467310868201216,-1.4686013221511058,-1.6173405787000161,7.212805803440729,2.40281674499347,0.3260471381373837,3.4712933870282225,-0.6345958271377552,-3.4865659366519965,4.665577775757396
37,32,22,13,66,18,39,29,17,33,25,76,15,38,39,40,-1.0015500373385149,3.296312356738822,-2.6594620047240465,0.6126633126602027,2.4600978921262975,0.4673682745849429,-1.4437666789422914,-1.6018283758989715,7.161707913421536,2.4020422990530363,0.3265230132575549,3.4795079264202484,-0.633310904257817,-3.4119494992107144,4.626474532864221
38,31,24,13,67,17,39,29,17,33,25,76,15,38,39,39,-0.9943519711520095,3.2834571895203966,-2.6346623566213916,0.548155756134659,2.465888325194758,0.47670335356136395,-1.4277163527190297,-1.5582961387482486,7.211764176823292,2.4036192018369444,0.32351865229295723,3.4504461051229716,-0.6325500980187059,-3.410659645129785,4.57443852096892
39,31,22,13,67,17,37,29,17,34,25,77,15,39,39,38,-0.9976455445890904,3.29770669118019,-2.590761325276682,0.5638363457463264,2.468166366543351,0.4802912316765222,-1.4159586520809109,-1.538589702215467,7.207532204197433,2.3842101399581948,0.31327584904733,3.4475166092111844,-0.6236701272669005,-3.4116993824908564,4.528710398347639
40,33,22,13,63,20,37,28,17,35,26,78,15,37,39,39,-0.9901369487549652,3.297067965207422,-2.6066861915986617,0.5540224312184671,2.4623472561929685,0.4940336622801467,-1.4112224929425332,-1.4856254883441744,7.134646943517838,2.3910179920938077,0.31386812924576185,3.354778453202417,-0.621143933078681,-3.395178085660532,4.547165727794186
41,34,23,13,63,20,37,27,17,35,26,78,15,38,39,40,-0.9737484368571274,3.2555710075956497,-2.575086218824946,0.5623998547406299,2.4531076842160093,0.4969563384971879,-1.4088113807017806,-1.4504783489847224,7.1698871279731655,2.360225307007154,0.3126050119620398,3.352105201044599,-0.615649882638843,-3.3786636538825476,4.5777303963455775
42,36,23,13,63,21,36,30,17,36,25,79,16,37,38,38,-0.9848537317522966,3.255914235327712,-2.589132080953973,0.445421787304128,2.4140162703006,0.49488865271741134,-1.406415582810545,-1.434300739605674,7.112749806705884,2.345478652905819,0.3083067249504838,3.3420546737738626,-0.6173339269667364,-3.384566305671556,4.531484359425974
43,37,23,13,64,20,36,30,18,37,25,80,16,40,38,37,-0.9796317144070047,3.2612662749029755,-2.555402429725196,0.4450736106498676,2.424691633917836,0.49755690954536486,-1.3999698366148259,-1.425216491378663,7.217665294037917,2.3325506305069874,0.30818592344016915,3.3259105563710385,-0.6036654270657944,-3.379386660939068,4.564671649789221
44,36,23,13,64,21,36,31,18,36,22,80,16,37,39,37,-0.9584991391915041,3.2039646069782877,-2.5459024464824327,0.4038285192303855,2.390058168721326,0.4956165056020073,-1.3898772641136785,-1.4142182291063907,7.227014630696651,2.342872675414957,0.30420297965395693,3.2902026376910185,-0.5989870561355868,-3.385036037024311,4.519149310360553
45,37,23,13,65,21,37,31,18,36,22,80,16,37,38,38,-0.9633035553291462,3.1930674254668294,-2.5256569418773878,0.3665062973624907,2.394776502995854,0.49082256685288156,-1.3708770328309698,-1.391653664356008,7.292433970809851,2.3261906046372065,0.30471747017711914,3.298427953845312,-0.5948006555419975,-3.311681003627533,4.490546060366732
46,38,23,14,66,21,37,32,18,36,22,81,16,38,39,38,-0.9623680961309499,3.186766537986379,-2.505496507308123,0.33583206976629765,2.3823997287200007,0.49993238930854456,-1.3696702035866692,-1.3888185876948576,7.358643601482064,2.317959760364732,0.301603301208042,3.302215505828236,-0.5996179375854958,-3.2926099646267026,4.435455943264895
47,37,23,14,65,21,36,32,18,36,23,83,16,39,39,38,-0.921024190870327,3.174759171783918,-2.5099347008603727,0.3236300380801827,2.3771188102967096,0.5022888145877837,-1.3673453014612813,-1.3646522891799233,7.354843901247147,2.2903008847311352,0.30319151398025324,3.295116984212535,-0.6000838239516344,-3.2728185135246766,4.374194478015028
48,36,23,13,64,22,37,32,18,38,24,85,16,39,39,38,-0.9307491153436381,3.1397888887579697,-2.4918249529616974,0.2545447060857198,2.3850220176429824,0.5037851687343817,-1.354113285252801,-1.321904956233152,7.3227853605103626,2.2880640411872477,0.3059390884277158,3.3005313774986464,-0.6027339888238269,-3.273363446183213,4.377173807833932
49,36,25,14,65,22,38,34,18,37,24,84,13,38,39,38,-0.9293219223922797,3.1294813892693765,-2.4908100982991295,0.14489879017249374,2.387938697641303,0.5091748365391369,-1.344323727654787,-1.3098428495557128,7.2851899005485246,2.271303459730232,0.3068493680383684,3.3021130108119485,-0.5926902335411027,-3.283310445773106,4.410391891262492
50,38,25,14,66,22,38,35,19,37,24,82,13,38,41,39,-0.9259789474996319,3.128486783698434,-2.4954583745864034,0.1320290967465829,2.387552964466609,0.512879562000272,-1.3400048080165554,-1.2966028699976357,7.24817968769485,2.251833640476282,0.30930762838294934,3.2527353778466597,-0.5888978568316233,-3.2828600728195547,4.416291931652038
51,37,25,14,66,22,37,35,19,38,23,80,13,38,41,40,-0.9226534083254053,3.143136169961524,-2.4716565409435733,0.05634682178961354,2.3810776507246088,0.5135945899893568,-1.3393516396125653,-1.2779004339539124,7.260182338493421,2.2629318012346102,0.30608466459977973,3.265036226043681,-0.583952332668031,-3.2745236741459047,4.397978769473139
52,36,25,14,66,22,38,35,19,38,23,82,13,37,43,40,-0.9177627673161886,3.12339751052482,-2.4090173715276015,0.031089474726959523,2.378331607829149,0.5172981633948887,-1.3190834152657842,-1.2670769151215282,7.291554879153598,2.2742757228435093,0.3072080500804735,3.2508502635309675,-0.5817498831182921,-3.24795626490884,4.350564108938345
53,36,25,14,64,22,38,35,19,37,23,83,13,38,43,40,-0.9143140712709522,3.1099834436118656,-2.414014795784047,0.007882343293647115,2.382859563500842,0.528593751717752,-1.3048194924540648,-1.2360325090593451,7.26973596395899,2.2708154933873512,0.30625892098214474,3.2134784767982945,-0.5726325481315102,-3.2109986215852064,4.334678164373315
54,36,26,14,65,22,38,35,21,38,23,79,13,38,43,39,-0.9102443681298367,3.1035428463039776,-2.4219765354853724,0.01530747589733245,2.3906254172796295,0.5268911664680681,-1.2926680716568424,-1.165157524639173,7.265420302966092,2.258256122261038,0.3086029773808727,3.2000565827118006,-0.5701430166152925,-3.200437946057696,4.328227005253288
55,35,26,14,64,22,38,34,21,38,23,80,13,38,44,40,-0.9025223825615492,3.10372468016955,-2.4017854843228426,0.015257151471934837,2.3598203191096103,0.5270069626968859,-1.2892873693554534,-1.1691203173701685,7.247963255970528,2.2343606017938225,0.30639598352733655,3.2038149314001325,-0.5678442307508598,-3.1822422237788714,4.278709877188188
56,37,26,13,64,22,39,34,21,38,22,80,14,38,46,40,-0.8917185109174477,3.0873579370869524,-2.3772953660069223,0.04129647249528119,2.372916141119592,0.5291715056158499,-1.2867667732118477,-1.165368361019727,7.169975835087497,2.2470950528129348,0.3088512340700859,3.1942526418506976,-0.5717248500558918,-3.178320639725543,4.267435974384418
57,35,26,13,63,22,39,33,21,38,23,81,14,37,44,40,-0.8898079522614087,3.070575571447343,-2.382472522715472,0.033383922568302526,2.3674090375111634,0.5295408212692089,-1.2800537613938487,-1.148602982679735,7.209240367982041,2.2592437884462124,0.31267129070675087,3.1701942514376364,-0.5642975848320996,-3.168736826501821,4.2400637657252025
58,35,26,13,64,22,39,33,21,38,24,81,14,37,44,41,-0.8801550542670915,3.07315383377046,-2.3767596457424793,0.019650823295074286,2.3679594734646354,0.528555574471532,-1.2784455904312404,-1.1471538413852707,7.235710403110747,2.262201526157554,0.315065785079294,3.1675631890627245,-0.556664558905511,-3.156769961710654,4.233376966058425
59,35,26,12,66,22,39,33,21,37,24,82,14,37,45,41,-0.8776536010554211,3.071668297272812,-2.3556189576586477,-0.012999077455745757,2.363967275814125,0.5341390747542156,-1.2800086400383466,-1.120534459306513,7.17313704918962,2.2386273058127224,0.3135547252354134,3.1682064386808344,-0.5470637331624681,-3.116022231075255,4.2397711249805745
60,35,25,12,65,22,40,34,21,38,24,82,13,38,47,41,-0.8687569539372252,3.050289091355058,-2.3342571303611788,-0.0041245545072102485,2.338745310386698,0.5343142008798649,-1.254932210557074,-1.1118481329590566,7.1500787999593385,2.212074394994766,0.3137051653556184,3.16442163896818,-0.5467652752366788,-3.120853478590907,4.23357164276804
61,36,26,12,66,21,40,34,22,37,23,82,13,36,46,42,-0.8650530823754458,3.037246662900153,-2.2870667207400133,-0.04430561190372779,2.3511430304582737,0.5450219214227335,-1.2471990691230115,-1.1063411847326765,7.210369677878725,2.213290680453726,0.31414822549799903,3.1494144278211027,-0.5392610226494169,-3.122510896579513,4.236639986925426
62,36,26,13,67,21,40,34,22,37,23,82,13,36,46,44,-0.8625892763172597,3.033620350404372,-2.2941814636132856,-0.06875231968237132,2.345460487523595,0.5441451486363813,-1.2498852027914744,-1.1076649351379113,7.176901741165665,2.193495211928596,0.31660126256935067,3.135389641614458,-0.5344947092340696,-3.104957216942052,4.229767201467316
63,36,26,13,67,21,41,34,22,37,23,82,13,38,47,44,-0.8659681981996066,3.0122182225914544,-2.2978486767328663,-0.05745602565863714,2.3621020101119017,0.5440804621812952,-1.24324034637037,-1.0907527351319013,7.158809126650288,2.2001115961619386,0.31999517793751947,3.129485878054803,-0.5297739164129966,-3.0979411050865218,4.19051104167365
64,36,26,13,67,21,42,34,22,37,23,81,13,38,46,44,-0.8658502204243559,2.9954411498921973,-2.2793813474024693,-0.060958429089435794,2.3642198912043844,0.5410037526892847,-1.2414853424289944,-1.0905720034362423,7.155202920347575,2.1932826222926862,0.32403847771262356,3.1382825886298877,-0.5324270751096,-3.0738997025779105,4.195843396532661
65,36,27,13,67,21,41,34,22,37,23,79,13,38,46,43,-0.8648761007017505,3.0016085820859466,-2.2531399110601087,-0.06138619030609817,2.362683041983369,0.5443076041053463,-1.238826554505878,-1.0875432207597773,7.179342221729332,2.1871421698131694,0.32823164115588555,3.1137586857704833,-0.5316745073191664,-3.0255463568744587,4.1664661512655154
66,35,27,13,68,21,41,34,22,37,23,79,13,38,46,44,-0.8439868160455666,3.0082858439135416,-2.259896666394141,-0.042302139794942364,2.366978969798958,0.549858317131575,-1.2191839999335443,-1.0616314977299004,7.185531586581107,2.188694495156936,0.32878201000284557,3.092445761256441,-0.5271978088297632,-3.0192525929284333,4.177437367705526
67,34,29,12,68,20,41,34,22,39,23,78,13,38,47,44,-0.8459476690687999,3.006810052357258,-2.242116247725696,-0.04372881762854913,2.373069682438882,0.5490165456393346,-1.200796147974868,-1.0393061242683572,7.1646581932146,2.180858348737007,0.3258040570054903,3.110851958443589,-0.5147155860399708,-3.0188901604246867,4.163895108509078
68,37,29,12,69,21,42,34,22,40,23,78,13,37,47,45,-0.8358979046249176,2.990716494936591,-2.2260782989021752,-0.04638701099083835,2.366653512283939,0.5433889204424677,-1.1921282618302822,-1.0296783581388054,7.185629250343097,2.1843944325081255,0.32293584525418606,3.0854641461672907,-0.5171071147641231,-3.022626342839261,4.14296946579082
69,38,29,12,69,21,44,33,22,40,23,77,13,37,46,45,-0.8321275081008239,2.9601978433209024,-2.218608549072266,-0.039560061778676985,2.359645890427364,0.5492646959821798,-1.1912347976940685,-1.0277458797839714,7.207909654910266,2.175831002888055,0.3259575035998893,3.0797559144058946,-0.5130824900892343,-3.015838858415127,4.134430533413186
70,39,29,11,68,21,46,33,22,41,23,78,14,39,46,45,-0.8236933702862812,2.9661750580108635,-2.207186216894313,-0.1710337597683468,2.356314845675944,0.5482818176193383,-1.175785335487887,-1.028112057656173,7.1443428380250324,2.1697372170542306,0.3272794402562631,3.054055591451916,-0.5056458357753173,-2.973583999175052,4.146307731853441
71,40,29,11,69,21,45,33,22,41,23,78,14,39,47,45,-0.8074158884666074,2.9546159824693405,-2.2060240892926046,-0.1747748010450126,2.3676220913266506,0.5482487224114373,-1.174791140309608,-1.0194190602165583,7.166767134109496,2.163163033343468,0.3302881796519823,3.04418812536066,-0.49881154939975897,-2.9785819100895683,4.146288221494216
72,41,29,11,68,22,45,34,21,41,23,77,13,39,47,46,-0.8093820857755668,2.946397054986357,-2.1929852159728185,-0.17123732961145968,2.3761493702082244,0.5467674264372546,-1.177209170314382,-1.0115190891188979,7.165412124602214,2.1620806623297004,0.33236372564544187,3.039024029126216,-0.4893666420025057,-2.973983352548023,4.13192183281464
73,42,29,11,67,22,44,35,21,41,23,78,13,39,48,46,-0.8076376252989967,2.939321886768193,-2.192941885744955,-0.1606376460269798,2.3607903854135555,0.5418534142677892,-1.1743464813983835,-1.0100064592475007,7.1400214096822365,2.1333309792082966,0.33591573050541323,3.0420738619508545,-0.48513743667858356,-2.9683349317703054,4.1010006414799385
74,42,29,12,67,23,44,36,21,42,23,78,13,39,48,46,-0.8005443179257644,2.9389809455026445,-2.1838087924416376,-0.17322788410008494,2.369270526846232,0.540873923413484,-1.1800067486218633,-0.998367071350832,7.144485295855588,2.131677500907275,0.33435301171352094,3.0223239321585966,-0.48456935496133546,-2.95583834596541,4.095932465763311
75,43,29,12,66,22,43,37,21,42,23,79,13,38,49,49,-0.7938025707980385,2.9412214810079003,-2.1836843544856874,-0.1733083932701339,2.3566398445807004,0.5414222551668295,-1.1671733980968992,-1.0010249501197956,7.15796253878266,2.1313989694488615,0.3357340292567578,3.0179688265712636,-0.4824071273074939,-2.951438021434505,4.086368885579639
76,43,30,12,66,22,42,37,21,41,23,78,13,38,49,49,-0.7971768878829468,2.9291404953622115,-2.180203079244339,-0.17547095635957505,2.3571768940876567,0.5518331938177632,-1.1645106294796763,-1.0015017764470246,7.15086385870655,2.1280778926339,0.33805272214977683,3.015248226748448,-0.48502566825053256,-2.937671287838517,4.092581952407091
77,44,30,12,65,24,44,38,21,43,23,78,13,38,49,48,-0.7936598449185122,2.9326859635050053,-2.171805441150821,-0.1701127309678963,2.3643188089066896,0.5518797632502805,-1.1671844924691024,-0.9983892473901378,7.115940200289408,2.123862002021663,0.3393672560899581,3.004952710366531,-0.47507919593332143,-2.939460756409291,4.078280663784063
78,45,30,12,64,23,44,38,21,43,23,77,13,38,49,48,-0.7916976204044425,2.930731661050564,-2.1546477203175467,-0.17793814588155418,2.375006509710605,0.551501489799634,-1.1569652267731632,-0.996302587779416,7.11892932066055,2.1391535443399725,0.34066520930304645,3.0091249467649828,-0.46910127635223503,-2.915902585220655,4.079627733145067
79,46,30,12,64,23,44,38,21,43,23,77,13,38,50,48,-0.7863084416863169,2.926851076824794,-2.1534651125900615,-0.17931031119843102,2.381073977676582,0.5552273821941176,-1.1392328623884216,-0.9958563581989041,7.121101207840557,2.1507702518644427,0.3417768986092636,3.006738282025238,-0.4678007689363295,-2.890990619493386,4.070561556333761
80,45,30,11,65,23,47,39,21,44,23,76,13,38,51,48,-0.7781188460587501,2.9220533984479324,-2.1499496932630167,-0.185736143784893,2.396929858417084,0.5459464162902855,-1.1240664340690956,-0.995188997159386,7.224749763922528,2.1409895072726903,0.34330023444524105,3.0041617650335692,-0.46821904602835906,-2.8905131425233956,4.068742553310416
81,46,31,11,65,22,47,39,20,44,23,78,13,38,53,47,-0.7754054355127061,2.91679682052958,-2.1526839449229267,-0.18958725434593904,2.3904653727034044,0.5452957220406026,-1.1267186255852801,-0.9778525608072921,7.223080095111385,2.1411827569996422,0.34265057179939923,2.987585531499761,-0.466478147074754,-2.8747008683593,4.07513685160087
82,46,31,11,65,22,47,39,20,44,24,79,13,38,53,47,-0.7712900039987849,2.9167584544523044,-2.1404305068783738,-0.19883556407852537,2.386409133060729,0.5547852504005203,-1.1226660799774724,-0.9768470917339465,7.218330517947601,2.1419842395643465,0.3423340610443838,2.9670794468975976,-0.4596997737496736,-2.8537719110080144,4.075494872842051
83,45,30,11,64,23,46,39,20,45,24,79,13,37,55,47,-0.7668494917143118,2.913277861144569,-2.127587206269378,-0.20510528349920512,2.3783068985894156,0.555499241044265,-1.1124320180763183,-0.9751180294160573,7.2517267315214005,2.1409667943818826,0.34002352719095746,2.956511083469474,-0.45260043297886343,-2.847359383687626,4.057387598723038
84,45,30,11,65,22,47,41,20,45,24,78,13,37,55,48,-0.766231799362379,2.906079309299314,-2.1135468791301784,-0.2329264321376753,2.3808468006631416,0.5586973069816918,-1.110479002485553,-0.9619008884019464,7.2480371849595375,2.123938295465871,0.3455021254564824,2.9661339080019364,-0.44760335350569413,-2.8361732278895513,4.055425434800267
85,44,30,11,65,22,47,42,20,45,24,78,13,39,56,47,-0.7655457764023508,2.912984047913365,-2.1005089559109567,-0.23345258103674804,2.387177267239496,0.5589377701528719,-1.1098424150040995,-0.9552589264150608,7.245133693794169,2.129452598610717,0.34646472097549735,2.972032205821059,-0.44332513664712087,-2.8302301697182886,4.0280581912781255
86,44,30,11,66,22,49,43,20,45,25,78,13,37,54,47,-0.7616718911889016,2.916655870253015,-2.105059464066251,-0.259812397946463,2.391635271719155,0.5565098695156487,-1.1098743114468164,-0.9538968758750688,7.233113620126384,2.120665702916003,0.34709065202387174,2.9638073910478595,-0.4359533468085633,-2.822818741213536,4.024115942537966
87,45,31,11,65,22,50,43,20,45,26,77,13,37,55,46,-0.7498313084321692,2.9235342639046635,-2.092740742845458,-0.25859423503144796,2.3930765151995828,0.5601110648193746,-1.1069758855445622,-0.9491134016215905,7.22707421845107,2.1336783250193125,0.3529646039224458,2.9702517523467895,-0.4345448406498795,-2.8281329678381235,4.027458346587275
88,44,32,10,65,22,50,42,20,45,26,75,13,37,55,47,-0.7452187188918935,2.916694859080273,-2.09992357240624,-0.25507644953745484,2.3985242943217333,0.563656012613902,-1.0953073656349945,-0.9393756331064524,7.165222698511205,2.1271808130959062,0.35450510390707396,2.9701739614141496,-0.42373541666871345,-2.7884897349346507,4.033193733954345
89,45,31,9,63,22,49,42,20,46,26,73,13,37,55,47,-0.742482888339358,2.9147705531954253,-2.100018007635165,-0.2551719380156929,2.4036375595517914,0.5594425768769695,-1.0938508801378724,-0.9342893083410134,7.1637576156430995,2.134879540231208,0.3587350888810067,2.956633085284598,-0.4197651157232676,-2.79285096203136,4.041540264697182
90,45,31,9,64,22,48,41,20,46,26,73,13,40,56,47,-0.7481551106847557,2.9091229727569807,-2.0946226346575085,-0.26069098572780186,2.4108194870984607,0.5600293339602403,-1.091893063639215,-0.9268547589014808,7.155035310952786,2.1326799827597434,0.35938758142276855,2.9655377046814815,-0.41954099094010017,-2.7843543863960214,4.041201873647618
91,46,31,9,64,23,48,41,19,46,26,74,13,40,56,47,-0.7496171129369772,2.906575891235267,-2.092614430130331,-0.2682824657405429,2.3984451601590084,0.5583264917828142,-1.091948135463267,-0.9306720047963384,7.1455685083331915,2.1264175232424884,0.3624265512822933,2.9598009568143664,-0.41745886866373694,-2.7924010699564996,4.048161262176421
92,47,31,8,65,23,50,41,19,48,26,74,14,40,55,47,-0.7513068801776231,2.904292613347262,-2.087637973665485,-0.27938530983825133,2.39508781229032,0.5563500554201206,-1.084784492484517,-0.9276404184349604,7.204866282049422,2.120613823130299,0.3602282202993773,2.9495405643844395,-0.4147927772112082,-2.7879399218056644,4.03357200312527
93,48,32,8,65,23,52,41,19,48,27,74,14,40,55,47,-0.747699854272182,2.9112719956930793,-2.089370497991579,-0.2774899925829245,2.3972132707069314,0.5593223770294778,-1.0827604426288118,-0.9365540351682887,7.192469344944824,2.100912957463314,0.3607415324706613,2.930954223807557,-0.42085233814899475,-2.7979967835337947,4.03879644547755
94,48,32,8,64,22,51,42,20,48,27,73,14,40,55,47,-0.7465128293748307,2.9150248467158004,-2.081621916637877,-0.28959737162497423,2.3948543045281268,0.5560165914693342,-1.0796869610235105,-0.9336827120705661,7.212042762698613,2.1108799453054328,0.3618430989621176,2.931132869475551,-0.4225814512907446,-2.792033558838509,4.029693543651591
95,46,31,8,64,22,51,43,19,48,27,75,14,39,55,47,-0.7275064908482922,2.916914442260292,-2.078903205829568,-0.28530397257060086,2.396992443049414,0.5583422676731121,-1.0801977472792492,-0.9207250755733947,7.229376976062304,2.0966285541285763,0.35827671743635964,2.937455998315687,-0.4244699175150124,-2.8031513990892183,4.014001472035837
96,47,31,8,65,22,52,44,19,48,27,74,14,39,55,47,-0.7241509441711935,2.9109429518098326,-2.0762260184500865,-0.2897068378526407,2.401705442300885,0.5630885051905242,-1.0822502638652356,-0.9042122275644032,7.224204384954796,2.085284672186401,0.36037342288012886,2.9323799520551668,-0.42427822292843453,-2.791363826346066,3.964234229162501
97,48,31,8,64,22,52,44,19,48,27,74,14,39,56,47,-0.7252746240708577,2.908847615020616,-2.0730269611595196,-0.2941665059178378,2.401504175355244,0.5660915702288285,-1.0764001830999452,-0.8994439592684824,7.249513857602365,2.0867972326635034,0.3687371921819469,2.9383720688693056,-0.42203211805148766,-2.77593388195679,3.9857816867388163
98,47,31,8,65,22,52,44,18,48,27,74,14,40,54,47,-0.7265932942134694,2.9069486933638684,-2.065857760012576,-0.30761859914692713,2.3985101384202236,0.5692493686074171,-1.0727498955462218,-0.8999868059112166,7.246585075067342,2.087854875788268,0.37177802008172905,2.944517257620094,-0.4232959898252509,-2.7709028757902274,3.9909822782421536
99,48,32,7,65,22,52,45,19,48,25,74,14,40,53,47,-0.723529260669731,2.9079099538602153,-2.036964953095183,-0.31246282503207345,2.398947978243378,0.5683977692516029,-1.0682255538322205,-0.9072121751640878,7.272397623108117,2.0904592770575143,0.3750167878484949,2.9407466200233197,-0.41688881456181454,-2.7727422486980373,4.003873695409101
