time,population_run_1,population_run_2,population_run_3,population_run_4,population_run_5,population_run_6,population_run_7,population_run_8,population_run_9,population_run_10,population_run_11,population_run_12,population_run_13,population_run_14,population_run_15,population_run_16,population_run_17,population_run_18,population_run_19,population_run_20,ca2mean_run_20,ca2mean_run_19,ca2mean_run_18,ca2mean_run_17,ca2mean_run_16,ca2mean_run_15,ca2mean_run_14,ca2mean_run_13,ca2mean_run_12,ca2mean_run_11,ca2mean_run_10,ca2mean_run_9,ca2mean_run_8,ca2mean_run_7,ca2mean_run_6,ca2mean_run_5,ca2mean_run_4,ca2mean_run_3,ca2mean_run_2,ca2mean_run_1
1,3,3,23,7,21,6,8,14,7,13,12,11,7,13,37,18,4,25,4,23,6.656120836504603,5.326285769270121,23.69381019864859,2.2982390259738756,12.006102156951009,10.314444697018034,10.989052620144678,6.860124419434295,28.753519241254537,1.75458447860958,17.53892852945505,16.20733756082283,9.100325129716854,-0.6542563976522027,1.5015635141065304,5.58308932205749,1.469698947918915,3.2832262666107357,-0.671668725164276,6.14536036619665
2,5,5,24,11,22,7,11,20,9,16,14,13,14,22,44,25,7,41,5,24,6.836415601443339,4.999945251914222,30.761644216766566,2.4752221460704207,18.831335224980908,11.596609456230102,13.07434567401518,8.648871846997308,29.416343271135094,1.8221483162477095,17.324860311572845,17.89849757824543,11.768496329093002,-0.6954646929468795,1.8252601671376745,5.463510340535574,1.5594401324911835,3.0513617115824117,-0.7280481683941696,6.448336857839905
3,6,6,24,13,25,8,13,29,10,19,19,14,18,22,47,25,8,43,7,25,7.052779432643995,5.390866481697499,32.33461971431849,2.522790431089503,18.670796207495222,11.574335025057676,12.85898166318424,9.085331072556025,28.583143848446696,2.0555476991876884,17.848385796466808,18.704502950807367,12.733526815679387,-0.6229374846421113,1.8719511264551059,5.58942231983745,1.5464763052459198,3.506615685742743,-0.733714402079586,6.960787283268029
4,8,7,25,13,27,8,15,32,15,24,20,18,20,27,50,32,9,49,7,26,7.217740283812894,5.404824786348706,33.46502825439338,2.603172283919431,20.65604818685675,12.055007940819063,12.578858223540555,9.213281344049802,31.962178925543505,2.294907868502543,18.895098088414482,16.82421583663774,14.21570843629762,-0.6307619343396704,1.8840449533121577,5.753974171155903,1.525508868932766,3.5608284006584285,-0.7844307617597319,6.481930655499654
5,10,7,24,14,30,9,17,33,18,25,21,19,20,31,52,33,10,52,7,28,7.748912678515606,5.410271952255844,34.236213395387516,2.2722252590742107,21.605963423385866,11.9635824565963,12.373568695971127,7.888761737816033,33.03744948632283,2.4081322263581124,19.893204492354204,17.206186764586196,14.242303604829386,-0.5670960881441925,1.9325502773584042,5.621375479387249,1.6193422503213395,3.041503015805914,-0.8096762418500455,6.921603971702383
6,11,8,27,15,35,9,18,35,18,25,25,20,19,34,59,33,10,53,9,29,7.7889958725123485,5.857339249361355,34.361981511276824,2.218539437844097,21.461983896780737,11.876583486050476,12.494779892052307,7.7168780885247825,33.07442832078092,2.54441756044569,19.371494362621167,17.320994076407455,14.30045301042907,-0.5930780346162859,1.930975112165842,5.56835939310388,1.6051902272888374,3.344026071671042,-0.6805485754472751,6.988661000112667
7,12,9,29,19,35,11,19,37,21,26,25,18,23,36,61,33,11,54,9,31,8.136403429748277,5.9039770584677695,34.60461852431648,2.3266985749839506,18.829242573550548,12.2629114569801,12.540766778343473,7.613314617634845,34.615256640936344,2.552389149465358,19.660638587559266,16.310927809218025,14.722211034034734,-0.603046182507558,1.9736802730447687,5.689765510144244,1.5537380161989507,3.164794164240936,-0.7002918397469806,6.9953289893268815
8,10,9,30,20,37,11,19,37,23,25,25,18,23,37,61,37,11,54,10,31,8.305455298864494,5.1524680969861105,32.71478834631058,2.343377555476624,21.31707035666655,12.314332481229506,12.926554793126146,7.6702639901954655,35.84799876553409,2.444658778010191,19.84488375846124,17.10727151213153,14.82043112952138,-0.554886719225969,1.9483096415511838,5.927225956988738,1.6000570407544883,3.4010288933864192,-0.71796490100252,7.2502568021142775
9,12,9,31,23,38,11,21,38,23,26,25,20,26,36,64,39,13,56,12,31,8.38703441489233,5.188854209847798,33.1019206872176,2.374749371197961,19.502052998896854,12.419578668998009,13.029684037990684,7.788604630706309,31.379236711922385,2.5143163159517368,19.04212409180834,15.833411360609164,14.97491645378687,-0.5824496008159159,1.9637280077856496,5.644070843002245,1.7369051334634233,3.4308840764994075,-0.6587208777286512,6.219279088629183
10,12,9,33,24,41,11,20,38,23,26,28,22,28,40,66,44,13,60,13,33,8.04109354446089,5.272491803058828,33.62864556094724,2.3836185981949174,19.667523172126792,12.476432446636878,13.04348953606671,7.8049533529733965,30.324258113870904,2.620343797187153,18.33693946296323,16.266297303519018,14.372336008817856,-0.6065846918541176,1.9921341949599143,5.591912919511644,1.7517464661760023,3.2782922772789647,-0.6930333590471388,6.367415510919992
11,12,10,34,26,43,12,21,38,24,28,28,24,28,41,67,46,13,62,13,34,8.190444395903532,5.748699022362686,34.09656635769256,2.396721892625677,20.15999149582164,12.308149023013419,13.052884347053315,7.840224874038058,31.749882728304915,2.664327064414725,18.78676690543868,16.451265026448343,14.450819026317248,-0.6050409880620045,2.0360747700858943,5.706888252304855,1.713213721891113,3.2492185827786444,-0.7101091888718875,6.197962167250537
12,13,11,34,28,45,13,22,41,27,29,27,25,28,42,67,48,13,66,13,33,8.270473987689902,5.785934400552157,33.88175301786686,2.39680225333386,20.591764676018386,12.37187787414044,13.416296113919461,7.835454196897327,32.59761326696646,2.658332781826587,18.88911299460923,16.887115690719984,14.230515899337973,-0.5367305081039533,1.9605155832823302,5.770894940726945,1.7274685565415657,3.210191245433036,-0.7211743067400636,6.820207235019343
13,14,12,34,29,45,13,22,43,30,27,27,26,27,42,67,51,14,67,13,37,8.340056343409497,5.865845730973197,33.958024202847696,2.4185215846482873,20.80142571824221,12.529399216330502,13.506072311890529,7.362774529465276,31.371205363155674,2.519854334264075,19.028404433041995,17.196997946714983,14.46087569119777,-0.5539795066079519,1.9534765307021404,5.769606334950743,1.6917259213716251,3.304230503466851,-0.7018108638258107,7.043741837835802
14,15,11,34,30,48,13,23,44,30,30,26,28,26,42,71,52,13,69,13,38,8.335535653129098,5.297608945732468,34.174158736552435,2.2148016342076535,20.93564593600099,12.50551098922214,13.30745672075224,7.450533963894531,29.494598973762184,2.492164354988449,19.2303975438934,17.31281857560844,14.549187288868458,-0.5870413771218715,1.9802025647211743,5.737887468371447,1.666576389486365,3.358681616992187,-0.6904861863508035,7.113500099913425
15,15,12,33,31,47,14,23,45,31,32,26,34,27,42,74,50,15,70,13,40,8.340543732153677,5.592233303671262,33.40420076802007,2.3478285570447825,20.98353411184846,12.61125501916116,13.207616283689603,7.590821126944981,30.96022229037424,2.472035869035615,19.468757162060044,16.217244447404223,14.628003101655851,-0.551947563143016,1.9576819854799736,5.793020895458373,1.7089425115471024,3.3624176835520854,-0.6970042885257196,7.124503797978802
16,18,12,33,33,48,15,23,47,32,35,24,35,28,43,75,52,16,74,14,41,8.550292218018344,5.57240754114377,33.62480174001285,2.3375297604211456,21.0612520410115,12.719188891198703,12.972600588899835,7.759318392733481,30.873863195288,2.497083015276491,19.649143447665576,16.543830259254296,14.768658374264463,-0.5629009370939546,1.9980087232747108,5.7047434675120074,1.7147261540810603,3.2766056089280955,-0.7035334235153372,6.627821869763988
17,17,15,32,33,48,15,22,48,33,38,26,36,30,43,75,56,16,75,16,41,8.596996582002399,5.791181814926424,33.504137622077806,2.4020005260671957,21.089496343508664,12.430405908404394,13.047542902934202,7.484784503915734,31.38834014523016,2.568286274375069,19.806076009041583,16.624854022140994,14.34787137908495,-0.5666902019901313,2.010018693015482,5.723504870593226,1.7183799244858755,3.364847219148141,-0.705179646436143,6.840774643768803
18,19,14,32,33,48,15,24,49,33,37,25,36,30,45,76,56,14,75,18,42,8.664970810033507,5.611601268940727,33.797152401288514,2.4329365631564945,21.09335192533822,12.41959470810588,13.167760501780146,7.61819726912307,30.59769324013314,2.626091923472071,19.94585052011183,16.56161141182503,14.463308983915564,-0.5688637461292256,1.9928775940009127,5.733849347384505,1.7206207045984334,3.377164402214945,-0.7032737362390514,6.949873553457982
19,20,13,34,35,49,15,23,50,34,36,26,38,31,45,77,55,15,78,18,44,8.730159651029304,5.723116165793911,33.70782752548568,2.4442876651981704,20.561528583262056,12.534887901504405,13.002308342005113,7.66980684824024,30.45909839789246,2.732589841473082,20.034652370685937,16.744997019421657,14.556111912461954,-0.5639604119161113,2.0249766376786376,5.770765860897801,1.7192677308016295,3.409953010297546,-0.7069729746477335,6.957466035466547
20,21,14,34,35,49,15,22,52,36,36,30,40,33,44,78,56,16,79,19,45,8.793411321775112,5.787569114276434,33.93898327674943,2.480534580723188,20.49541895989332,12.598664341847606,12.903396275310689,7.21085399069788,30.89421858302253,2.8302045509823643,19.122360578995618,16.75780131892731,14.303696980494163,-0.4916523219495259,2.0063345995677997,5.776227129893958,1.727350108272406,3.419404136493676,-0.6937104307800537,6.338331133152915
21,21,15,33,36,50,15,22,52,38,35,28,42,33,45,80,54,18,80,19,46,8.733103676788767,5.792877427358581,33.45017731386632,2.519884547657952,20.22370264123968,12.683673230864146,13.067135521847092,7.345711787312665,31.22932740885923,2.803194258423839,19.21708701417426,16.909003845530815,14.432609798128574,-0.4754920643326462,2.0347289570339524,5.796393541421871,1.710066518406723,3.405148356653865,-0.7017471078528957,6.548766132328535
22,21,15,32,38,50,15,21,52,39,39,28,43,33,47,82,56,18,81,19,46,8.615662392444886,5.911690262693867,33.532670800214596,2.440869910391002,20.41313725718265,12.727319065593933,12.87667740378979,7.41485317002266,31.117960812563492,2.8196672505057503,19.094982272101273,16.811803315636404,14.303911758839355,-0.47217157280910843,2.0428503592534684,5.80211780882251,1.7330408301548508,3.429238029821348,-0.6968563235515137,6.639440731339653
23,22,14,31,38,48,15,21,56,41,40,28,44,33,48,84,56,19,82,19,45,8.67735732825326,5.907534814764718,33.7366095016811,2.521563644645649,20.0799267719666,12.616766777766742,12.884517530547337,7.431281789798005,30.836896126187867,2.8589325720567587,19.204645268310596,16.638140025455375,14.335381839756641,-0.4624374026911243,2.0431195404018445,5.806424557220568,1.7181708496930326,3.2947037985951693,-0.6873750573603811,6.699787296705276
24,23,16,32,38,48,15,22,58,44,40,28,44,33,48,84,56,20,84,19,45,8.677514812903475,6.040018194792079,33.84895205160731,2.5654843759653323,20.32565392100891,12.672057775403438,12.975049138411672,7.4749871445663425,30.602305981157652,2.894443990687983,19.36317306371295,16.362744148161187,14.283747438891567,-0.46862876812849963,2.061419688223853,5.790726136599596,1.7207069296516624,3.327141341290583,-0.6945301252495615,6.7378208323039335
25,24,16,33,39,49,16,21,60,43,41,29,45,33,52,84,56,21,86,19,45,8.749981555960241,6.097003060969103,33.57400770318582,2.609389693964518,20.201172062675848,12.79498990710377,12.998964441155898,7.448609941032871,30.769756295592664,2.925034202839514,19.598508409554277,16.626512358692143,14.57047525658808,-0.45884631231983786,2.084760267739012,5.739128094068923,1.7239983296314128,3.308573344924202,-0.6870956191221366,6.490209037017059
26,23,17,32,39,51,16,21,59,43,40,29,47,33,51,85,57,21,84,20,47,8.774358812337386,5.928407203943912,33.70682407746294,2.6504057550513567,20.186463202569914,12.87786720936692,13.096402424531329,7.304124635227701,31.03086031992288,2.9538261376561854,19.17924481321202,16.633776973342684,14.424436805793736,-0.3992400472489126,2.1086827603393035,5.7962742219439205,1.730351171768814,3.3269433931610792,-0.6935881231238926,6.613384593125392
27,23,17,33,38,51,16,23,57,43,40,30,49,34,53,81,58,20,87,20,47,8.863215543553487,6.044820535020251,33.674518235759656,2.699306076742657,20.30014579052619,12.859305354037081,12.965614549177571,7.324766549446102,30.201603009057717,2.995838700718281,18.641521625642763,16.642950241360055,14.391334631415255,-0.3902396961208988,2.1211312171512957,5.791202204096615,1.6877205936260198,3.400662637466239,-0.6934526643274461,6.3835532625271
28,24,17,33,43,50,15,22,57,43,41,31,50,35,50,83,58,21,89,21,49,8.898995403770899,6.117533569979083,33.34799869296993,2.6955499234025275,20.44130843556975,12.819572798697084,12.913353731211561,7.184748651131015,30.259880247047242,3.0410141290808745,18.8176920258014,16.611625132126623,14.3874414811042,-0.37230405198913724,2.106112694090472,5.803294624249958,1.6924843472867008,3.3546939649587224,-0.6919643502803453,6.475899811170185
29,27,16,32,44,50,15,23,59,43,42,32,51,36,52,85,61,21,93,21,49,8.948362207701985,6.154550011330458,33.15434051562676,2.747797578497339,20.16292540246041,12.865530010813542,12.996261220065408,7.174804659992054,30.660552594204553,3.0648530899296884,18.39852980895484,16.59284008708585,14.483020811954047,-0.3514171821606737,2.1371272694411694,5.807921231612623,1.681037191175442,3.3254373809095212,-0.6917818630079816,6.561490007830501
30,27,17,31,44,51,15,23,59,44,44,35,51,37,50,87,61,21,96,22,50,9.049569302031532,6.281805651735547,33.42649585829621,2.715163175553207,20.14880425046992,12.961874336992468,13.09615492429733,7.048847418374166,30.326595603704842,3.101715402727788,18.80026382840824,16.679002450996393,14.445708297506366,-0.32586645568925304,2.1410390143428355,5.726598765239559,1.6747627582715576,3.353873541337791,-0.6851986680449144,6.5360825639586455
31,27,17,31,46,50,15,24,61,44,44,33,51,37,51,86,61,21,96,22,50,9.038793649228618,6.416468157236248,33.29413527685534,2.799238877048251,20.005269902141087,12.972099876172054,13.169360040243847,7.167226408294803,30.80507595508724,3.115796442962908,18.81604515674378,16.546205200135628,14.484741762919688,-0.3019971126647545,2.1527526300085666,5.766522793688036,1.6760764607439074,3.357837702258508,-0.6851795952846542,6.410347507543086
32,29,18,31,45,50,15,24,60,45,46,31,51,40,51,81,62,21,98,22,51,9.156384039338135,6.3961394495426545,32.86022540954653,2.8790789012709914,20.174282472162574,13.007073258804066,13.282049873034692,7.181762659249557,30.6230272835854,3.15369110838614,18.99934540493279,16.312748393888555,14.525489455491755,-0.28468182365593536,2.1477924716336454,5.803967180237611,1.6890879909403993,3.3589949638491503,-0.6864550805279769,6.434981737039241
33,28,18,33,47,50,15,24,60,48,49,31,51,41,50,78,62,22,98,22,52,9.256550496107586,6.45628938218734,32.84743907144244,2.926397724606472,20.351709640412775,12.996933133834293,13.235719116992252,7.274431897164243,30.39767648135119,3.2061089597984114,18.75721292248003,16.364653069430126,14.517031756865753,-0.2672293063732159,2.1694813720758757,5.7765709096955655,1.7053843164800193,3.361847264681338,-0.6815872357997698,6.469448302177088
34,28,18,35,49,50,15,24,60,52,50,31,51,41,50,80,64,22,99,22,52,9.23049395481542,6.544070771706097,33.01055399088841,2.994383399027745,20.27332826633768,13.02266472820657,13.316075848532863,7.420642369006873,30.552207220230216,3.1632968806236503,18.956339032198006,16.446600719345966,14.374485361858918,-0.24796305543313868,2.2035377363890385,5.735606382570062,1.6912477610941021,3.3121520605657424,-0.6843032989872804,6.461525195270047
35,28,18,33,49,49,15,26,60,53,52,30,53,41,50,80,65,23,100,22,52,9.257334985838186,6.561808447316572,33.066242328508245,3.0686394860811887,20.432646955214874,13.06488170576457,13.07848788022772,7.4460420926573585,30.495367539909232,3.220334731655188,18.66579869426133,16.47017893500222,14.140459273471212,-0.228870517928357,2.2043869046741857,5.710231457729147,1.7079606754788543,3.3010806765832914,-0.6835264501527057,6.2781004419968065
36,29,18,32,49,50,15,25,61,54,52,29,53,41,53,82,66,23,102,23,52,9.306288977115997,6.6527324110973085,33.203442112477276,3.104402320704659,20.52107155834127,13.105917551238662,13.184954451439951,7.534876768429057,30.19870755710545,3.2623873181237037,18.750453669227007,16.566690693519618,14.259786748530901,-0.18211257169332143,2.228498591947549,5.7268537395552555,1.6901892633684328,3.283263295329337,-0.66685768147862,6.317605871754236
37,30,18,33,50,53,15,25,62,54,55,30,55,40,54,80,68,23,102,23,52,9.383314074207746,6.765497386552003,32.80497239346337,3.141651652271896,20.167060116979336,13.11510781540253,13.142484456560021,7.487423795489663,30.22985942549153,3.3371054945869307,18.738828075668263,16.552593145791416,14.276118617263364,-0.15921857065367429,2.2323908095019,5.7425075245016375,1.7061651755020304,3.282419880340004,-0.6687585775574237,6.295537706393685
38,30,17,32,52,51,15,25,61,54,56,29,56,39,54,80,70,24,105,24,51,9.47402459859344,6.898627210593512,32.78946625771276,3.186872526499253,20.248458336201452,13.14136106226625,13.236104250690566,7.514616635896924,30.172531023023247,3.3886170150197734,18.231841702467197,16.41250503790913,14.250862131777055,-0.12206776627483135,2.249357210099659,5.755316563204519,1.6951029525712378,3.322595906796521,-0.6652549065255912,6.251678540398249
39,30,17,32,52,52,15,25,62,54,55,29,58,40,54,79,70,25,107,25,53,9.4988493192109,6.939525269802303,32.728231358837014,3.290960594507687,20.123594020307383,13.191425911498078,13.345065958996836,7.604773349670081,30.016846107166756,3.421250610018442,18.505047331953115,16.48603640750987,14.242435074960373,-0.09699033110189621,2.2790038290801946,5.676580073670587,1.7026967566143456,3.3239725230133756,-0.6642647387335116,6.155889891331188
40,30,17,32,53,51,15,26,63,54,55,28,60,40,56,80,69,25,107,25,53,9.535860114080029,7.047720032380175,32.49652677342873,3.350454983749101,20.241799219083415,13.304321865344699,13.32195922780022,7.60580663852664,29.84799354021973,3.467148040946348,18.267140469405767,16.547099324049544,14.17484209024201,-0.0898016401020202,2.2792671966355127,5.679607530929376,1.7142483750478377,3.2808572024934253,-0.6522914507915699,6.097697750110161
41,31,18,30,54,53,15,26,63,54,55,27,61,40,57,79,70,25,107,24,53,9.551936903291368,7.03410586466171,32.571281070933146,3.4453379346364423,20.169962784626538,13.323958714243759,13.389369578507825,7.51231804551701,29.673938796984046,3.5200950993462135,18.311784948705654,16.523894357926217,14.17191096419705,-0.06834959477388346,2.2924211753115036,5.718289099355988,1.7188197667668699,3.2958695074533857,-0.6498471651265856,6.126161775123949
42,31,18,31,53,53,15,26,62,54,56,27,61,40,56,77,70,25,107,26,53,9.603579529376198,7.210695701584865,32.52118625278332,3.4779257852096763,20.18477768240287,13.342407575533754,13.277601422325079,7.528106133018543,29.715185718096638,3.575253225623087,18.457308479044986,16.447764720051474,14.14828891011285,-0.03634309614382146,2.3111240720470922,5.695704104117646,1.706845814725086,3.2702499941896956,-0.6497746241112978,6.11671616199405
43,33,18,35,54,57,15,26,62,54,57,27,62,41,57,76,70,25,107,26,52,9.662113168365748,7.28704340818938,32.36426558524365,3.5601036712427137,20.141504962326106,13.269022715710747,13.275839667837142,7.603209756286915,29.858083454736636,3.6347626934179753,18.407930694376226,16.313596764360554,14.098800072059216,0.010621041092407702,2.31450614961942,5.6590523357820155,1.6988373739959466,3.274392704934475,-0.6479812395468398,6.126681145993012
44,32,18,34,54,57,15,26,62,54,57,27,63,40,58,77,70,25,106,27,53,9.728392070371314,7.364478620434691,32.35229678170602,3.619847009428451,20.297779409772094,13.347820407448399,13.336097050989903,7.665115781722339,29.74180690017795,3.627172156316858,18.468054180146424,16.32884988722391,14.080310255258581,0.032703205064962576,2.340934902446963,5.665912617139527,1.6941602863632368,3.2463117689874177,-0.6421983115027247,6.074094785518118
45,33,18,33,54,58,15,25,62,56,57,27,64,42,58,77,71,25,108,25,54,9.854300981357296,7.429427404671025,32.07140711989992,3.685721541601592,20.145714401080216,13.42176500169738,13.395034165321222,7.618397098153003,29.419094624318767,3.6866074406861378,18.250062843177005,16.21517014581552,13.908128594830412,0.05785312411506125,2.341535699165198,5.681287280845529,1.698167578833492,3.263942534804035,-0.6351793246928908,6.02067530090916
46,33,18,33,55,58,15,24,62,59,57,27,66,45,58,77,72,25,109,26,54,9.9199440806699,7.545047486385633,32.09915720936559,3.759933144576682,20.130454175036647,13.460203878677486,13.3774865302457,7.6584364391458895,29.27879078789393,3.7295425291783015,18.141616629322986,16.198543696823794,13.956469632118834,0.08962675966317676,2.353757229633006,5.671755840551203,1.6959794041614122,3.241254441926376,-0.6333394927679619,6.008331298765529
47,35,18,33,55,60,16,26,62,59,58,29,66,44,58,75,71,25,111,26,55,10.034311678280313,7.617562119845915,31.840153496446565,3.823145487015297,20.20323761986521,13.445666895477608,13.205573889246313,7.672487274909014,29.368318686044237,3.7630566699217667,18.197079558868676,16.070951082218063,13.984000042438494,0.11483071157773973,2.366369471627034,5.6916621834277645,1.6958225126258537,3.252785404491619,-0.6263769614924297,5.981905445725157
48,35,18,33,55,58,17,25,62,60,62,29,67,45,58,75,72,25,112,25,55,10.062062544922009,7.6581253044094675,31.797611686597392,3.889506155112606,20.002178619751103,13.506634383594562,13.333951741410264,7.6978018331107485,29.364453349465183,3.785650409057928,18.124305352111246,16.134670698212464,14.031681192073911,0.14744335102184647,2.3809939008931202,5.709279463275636,1.7075855494344603,3.2453065940178765,-0.6115878033951931,5.900405640223847
49,35,18,33,54,56,17,25,63,60,61,29,68,46,57,75,73,25,112,25,55,10.133712595805106,7.732688339789702,31.842300054443477,3.9500625394368596,20.068052383894795,13.541102267380097,13.230394341834478,7.657481481308225,29.23354755293311,3.82917708174663,18.26555839355422,16.085063996363914,14.067361268933283,0.1649041017793426,2.38587308122567,5.661098933370394,1.7100214551794235,3.2059519755990356,-0.6147745587244198,5.900221695626827
50,35,18,33,54,55,17,25,64,60,64,29,69,46,58,74,72,26,112,25,55,10.1976836874992,7.834290397400972,31.92600514890502,4.032953017573096,20.16625049537681,13.547106483039537,13.239312253199497,7.70732750832483,29.311071417189964,3.867460528769911,18.172572750947364,16.133102329282252,13.98150668848305,0.19311933951763477,2.405250398702464,5.626368320092798,1.7313865884995763,3.1733025200701843,-0.608186489061907,5.891472100158698
51,37,18,33,54,55,17,25,64,61,65,29,70,46,61,72,74,27,114,26,55,10.281121659793568,7.929101066104765,32.02891166899622,4.105660671229454,20.22170139686092,13.539026049667088,13.314398301130522,7.769397423851226,29.279179816378488,3.9219497063601687,18.148934432174524,16.141001018130012,13.89309216075112,0.22300581056652707,2.4140143604996616,5.6586112239719535,1.7326225163486053,3.1919599316263856,-0.6091344078090045,5.881857461360128
52,38,18,33,54,56,17,25,65,61,66,29,70,47,62,71,76,27,117,26,55,10.349173498538049,8.008480654548553,32.00545054260833,4.175461862843828,19.97898574276553,13.53690231188272,13.417342894265785,7.7772221736821505,29.35992416719966,3.9659057666360376,18.1003054233429,16.104773197146432,13.899421971609076,0.2395460735410198,2.438309309239026,5.649078155533871,1.7320183202868296,3.2019001615190206,-0.6070647075788838,5.8597947428257
53,37,18,34,56,56,17,24,65,61,70,30,70,48,62,68,75,27,117,26,55,10.407720956169012,8.059007165048655,31.997713619828907,4.246685789525955,20.113028095296368,13.514640025875115,13.347919440542361,7.790624587638335,28.965403174968507,3.988348588906473,17.939163637979277,16.12217515430192,13.888231489276977,0.2719172895198873,2.441709520204263,5.646382633476721,1.7379824312251178,3.2047417552438127,-0.5984373919404067,5.823013910774549
54,37,18,33,56,58,16,24,64,61,70,30,70,48,62,69,75,27,117,26,55,10.477606916249488,8.114580798280196,31.843795180824255,4.293028295296998,20.094448752150065,13.518810454598643,13.337515882037575,7.831550860554698,28.944717302688055,4.046803165056488,17.94501979409841,16.076642502633646,13.854025378361333,0.2960189404803076,2.4666495531866035,5.644913829959488,1.72774635591959,3.1881011350294246,-0.5964183021328884,5.818213522667393
55,36,19,34,56,59,16,25,64,62,70,28,70,48,62,69,74,27,117,25,55,10.545557373736768,8.128691081476445,31.87053143001744,4.357665838235827,19.89544694718057,13.550637702094546,13.325183796584962,7.849302127443795,28.80034393713139,4.081974663450394,18.00304972612382,16.025741705153205,13.83249378030599,0.31895920915091797,2.481767436784121,5.635729044777134,1.7356587027230561,3.1837858920673296,-0.5965455287350597,5.724335559315547
56,37,18,34,56,58,16,26,64,63,72,28,71,48,64,69,74,26,119,26,55,10.621876921487969,8.233009360708943,31.641355344455846,4.425504671414615,20.001154429505547,13.543318275338933,13.368755930239846,7.917615389552595,28.88830373312928,4.112140829231396,18.094799776707916,15.985096721291514,13.827685816448897,0.349816757334935,2.512945939436216,5.632942360390166,1.741166323598691,3.1912081759511564,-0.5898887128177612,5.753956613379561
57,38,18,33,56,58,16,27,64,64,73,28,71,49,63,69,76,25,120,25,55,10.672932934654181,8.285676459509371,31.612958820108,4.475141664591436,19.903927345469572,13.590414646590242,13.273614019093223,7.889021124769486,28.874361901720604,4.127397817181755,18.074479022446436,16.003434432506516,13.863494700055927,0.38291940900782395,2.513562874000598,5.642925236542171,1.7472552197027693,3.165645432256309,-0.584043920527821,5.705449012332483
58,40,18,32,57,61,16,27,65,64,73,27,72,49,64,70,77,25,121,26,56,10.712945432722286,8.315937149182384,31.68760020171357,4.533834321758566,19.923619410689337,13.649021816717344,13.30621621410985,7.918007109054178,28.843144047539894,4.150846569385553,18.07212641630684,15.983471755320082,13.854307549105318,0.3997730522674358,2.5380866703094918,5.592490789684109,1.7468544940508788,3.1701756525897635,-0.5775894145536233,5.656098658760307
59,40,18,32,57,61,16,26,65,63,71,27,73,50,61,69,77,25,121,26,55,10.759311908909572,8.371547231650673,31.587693458445308,4.600393205585642,19.90980714919405,13.661903214125369,13.351501465672868,7.969842960542054,28.64962592239803,4.1866810701990165,17.886488420171023,15.933571714770505,13.792087084245544,0.4318303957089858,2.549201688091786,5.580396362974364,1.7410900194031116,3.1655765490274073,-0.5719411464737941,5.664148632970856
60,40,19,32,56,60,16,26,67,63,72,26,75,50,61,65,79,25,122,26,55,10.803347656948988,8.423001089191322,31.565521548076205,4.659268564090095,19.98669549242097,13.645679426227542,13.314597612351353,8.015258385662879,28.517943269894666,4.181340095351066,17.83450148246702,15.881086146971402,13.8250317191469,0.45878688614873536,2.54259111364088,5.589061978147382,1.7364931608618344,3.1523492074296553,-0.5539852248376465,5.647435036140203
61,40,18,31,56,61,16,26,67,64,73,26,76,51,61,65,79,26,122,26,55,10.834003671491692,8.488096780429682,31.381482102453855,4.720700806813391,19.988678406426896,13.683863800837367,13.37296497226797,7.981687215787845,28.552966869596258,4.207855724225941,17.799117695945323,15.758151360978784,13.842320037508712,0.48297886199622786,2.5582651002967003,5.600756769419848,1.7475076263746787,3.1512444049469726,-0.5502374933336489,5.653301608907359
62,40,18,31,58,61,16,26,67,65,73,26,77,51,61,65,79,26,123,26,55,10.926624570533532,8.523534827367591,31.355666195864853,4.783603399420833,20.03574304972697,13.691763918473695,13.401292962957616,8.005096034086895,28.426604829446497,4.237845879777419,17.756738099690065,15.772249924001356,13.814841696679807,0.5059845193279049,2.5692339849686823,5.589989864780656,1.7448521536098331,3.146034126459259,-0.547535089452402,5.644643934402169
63,40,20,32,60,62,17,25,67,67,74,26,77,51,62,66,79,26,123,27,56,11.008594417973919,8.588636095875193,31.27488587480497,4.823852222698909,20.057626083679136,13.730924286369085,13.424176132426206,8.046919665499562,28.36872616914194,4.262627464914366,17.753844075213095,15.848930967248343,13.761902917603372,0.5329217572878981,2.579661782348305,5.5810940450115165,1.7514401259277417,3.12916963944978,-0.5482964154124351,5.641756013866566
64,41,20,32,62,62,17,23,67,67,74,26,78,52,62,62,79,26,123,26,56,11.077381055964079,8.602854429338151,31.341485780044284,4.88067234256304,20.03590179420367,13.733488460274101,13.441729541290004,8.081537919047225,28.484259228706165,4.288787500496278,17.757082072420296,15.719359506661188,13.799884703827837,0.5396101465124193,2.5816503842347096,5.57286459271238,1.7625431493605632,3.1325328133430292,-0.549372202343771,5.590459616322101
65,41,19,30,62,62,16,23,67,68,75,26,81,51,62,63,80,26,124,25,54,11.124416471846299,8.706946640535993,31.336861826537994,4.9242730648914685,20.010302057268984,13.73037966241982,13.272234699304857,8.088585870435955,28.616971820258428,4.318552706950868,17.785998689700293,15.762375297243922,13.770829483354456,0.5555411165020513,2.5942655832407406,5.552659337421083,1.7652199973923015,3.1428408491929827,-0.5461755108481423,5.552892060446005
66,42,20,29,62,62,16,23,67,69,76,26,83,51,63,61,81,26,123,25,54,11.1830299291343,8.742348292193732,31.24657420183709,4.96743825949338,19.984460043415492,13.720341728414587,13.340006980734433,8.121915504635767,28.519063726493137,4.329539741907878,17.751402672715248,15.781816196268563,13.729273459453715,0.5755292235859825,2.6061276538788087,5.562388248042698,1.7675934406308997,3.1278992513133175,-0.5451558006118702,5.536383523675589
67,41,20,28,62,62,16,23,66,68,76,25,84,51,63,61,81,26,123,26,54,11.234135278758892,8.848615227352218,31.23080957279552,5.0258576898948615,19.894837478386858,13.727908041973208,13.37556514219104,8.176313806717054,28.560490793989878,4.343914589639529,17.798612022372293,15.76522242678837,13.661214172079701,0.6026232404168534,2.6277473622303664,5.573980412855164,1.7715435402561377,3.126186336613066,-0.5371603228196821,5.5024780468596886
68,41,20,29,61,60,16,23,67,70,76,23,84,52,63,60,82,26,126,26,54,11.318438561529387,8.90170821342116,31.2656837309265,5.081120400016311,19.902647523700388,13.742937662473375,13.40934556740653,8.231955595683399,28.468214516145654,4.369340030411119,17.672246309478577,15.773054256575241,13.716611440216527,0.6255927977102974,2.6349338232883204,5.5717833190970785,1.7755096504644174,3.1092070600926527,-0.535992359325865,5.491889768154676
69,40,21,30,63,61,16,23,65,71,76,23,84,51,65,60,83,26,126,26,54,11.384453824242755,8.96523676759357,31.213780319647377,5.11244363209057,19.889889405550072,13.721503754203402,13.458344187932388,8.149230098314412,28.342959120066336,4.404475788623215,17.63829356419195,15.75457310593063,13.680471563237234,0.6581077797357655,2.645526149167379,5.586675101027766,1.7720751389555067,3.1192734170899987,-0.527465108922626,5.5137965140691225
70,40,21,30,65,61,16,24,66,72,75,23,84,51,65,60,84,26,126,26,54,11.460480525496205,9.021516063104306,31.049273014959383,5.158372644674349,19.937051130652705,13.741594620861374,13.50229972095024,8.16865411531316,28.176244742329466,4.43160839371229,17.555794880780258,15.74726023355442,13.661891526666826,0.6740383813105918,2.657819724182387,5.573351660808641,1.7782860232174384,3.12895156351346,-0.5194304327649422,5.517254850382416
71,40,21,30,64,61,16,24,64,73,75,23,86,52,66,60,84,26,127,26,54,11.483024448666667,9.066410780274627,31.056731335197668,5.212546490493014,19.9329631664607,13.736894967181179,13.535823132639216,8.163661680880582,28.159543943821273,4.444633966956243,17.575847611238864,15.718618058009001,13.661874236568973,0.6907213950958355,2.663161950711332,5.568243690732809,1.7832543548897346,3.1137105731139996,-0.5192675705727907,5.484379068339148
72,40,21,30,64,61,16,24,64,71,75,23,86,53,65,58,84,26,127,26,54,11.514564613861824,9.090099855165398,30.938425522244092,5.270420670215557,19.95124705558058,13.771910706206217,13.529414961211884,8.145171276919193,28.05264529916979,4.4603064709475415,17.582129560578963,15.719833800424588,13.635440605949212,0.701999281860483,2.677153219305898,5.562424149913628,1.7914640646488749,3.112011938737559,-0.5166066668069805,5.467428674022509
73,41,21,31,65,62,16,24,63,71,76,23,86,53,62,57,84,26,127,26,54,11.517245879413691,9.131011379835874,30.90701428037943,5.31610031978836,19.94600023446145,13.782551111974934,13.546675457795823,8.160380556123645,28.12250924881796,4.465854511405435,17.52033430960137,15.657275944182217,13.670145291886312,0.7128385683271485,2.6687962642753043,5.5553900717005655,1.8002012536494598,3.102529372238593,-0.5068650825964472,5.463859274102485
74,44,21,31,65,62,16,24,63,71,76,23,87,53,65,58,85,26,128,26,54,11.571959799594604,9.166650390285287,30.873493269341626,5.331316670125752,19.96142241869616,13.786246247233143,13.517179567367151,8.127521572434018,28.19786510355974,4.457150538585822,17.53666357601896,15.661335176860412,13.65397787095527,0.7288059231069323,2.671730265737266,5.55824807101182,1.7920462304039315,3.1011758505747866,-0.5045796284168835,5.4419303885764485
75,42,21,31,65,62,16,24,63,72,77,21,87,53,65,57,85,26,127,26,54,11.56288621100773,9.22539253904508,30.92507501619541,5.367093826171074,19.93520825016465,13.780347339025628,13.432454292051705,8.175733009329637,28.110978837544398,4.4491931063005525,17.577527486204097,15.647513289855105,13.670455379051834,0.7339161435323924,2.673144754642143,5.575942910135228,1.7932737047392462,3.1153487602342333,-0.5093833258470327,5.446000926003092
76,43,21,31,63,61,15,22,62,72,80,20,87,53,67,56,84,26,128,25,53,11.605208033947864,9.255168195933976,30.962739773634645,5.387936336163799,19.785822140229417,13.773234190446942,13.468572578718616,8.193055800482124,28.06549646222578,4.464237053814658,17.538277987073926,15.568260862208962,13.6132176699919,0.7446385940541808,2.6711585628995618,5.545152665024264,1.7908135914526635,3.106200402000124,-0.5097919980924274,5.455674663773012
77,43,21,31,63,61,14,22,62,72,80,20,87,52,68,54,83,26,129,24,51,11.625564666483479,9.30737199809135,30.85567587409626,5.406229748792148,19.82089658294837,13.806177536031782,13.449368187437331,8.19245054878828,28.097372541251573,4.462528065669865,17.528013780806646,15.523424477383948,13.646481715467697,0.7539870840806384,2.668139713695808,5.540943741885728,1.7977100837689568,3.1023402747320645,-0.5031041817649817,5.458209334068672
78,42,21,31,65,61,14,22,62,73,79,20,87,51,68,53,83,26,129,24,50,11.671544654777126,9.380011184904518,30.938733224014683,5.422651372008856,19.846481496603097,13.828239143032553,13.473475903102424,8.192953782643158,28.001867119945587,4.490311349918823,17.530953668426314,15.516419299678939,13.549384164002511,0.7675504302370836,2.6787002616856688,5.543048756325365,1.802252824104495,3.109424460483411,-0.4985333867433793,5.4370765452414185
79,42,21,31,65,61,15,22,62,74,80,18,87,51,69,51,86,26,129,24,49,11.681898773122569,9.427489033086049,30.84798610613867,5.471556067497498,19.807030509491515,13.829673627843317,13.477818527308585,8.22443856603113,27.911649138574674,4.501323473958589,17.573157463218593,15.540190267417115,13.541984071941926,0.7815757529388466,2.681965303397714,5.544148213323331,1.8031252925693917,3.112450597813651,-0.4879209114540235,5.410047016677398
80,42,21,32,65,64,15,22,62,74,81,18,87,51,69,51,85,26,129,24,49,11.707732383607128,9.4867752013918,30.8665117617324,5.521898737051705,19.78550143089671,13.837501931082535,13.537605975185604,8.21659525569994,27.99001151064374,4.520987173006473,17.585559255398245,15.538133709708296,13.54685326680368,0.7888093604810392,2.6869349196817507,5.5424041307768945,1.807531926768671,3.1081271947605265,-0.4821669753954927,5.392273026220555
81,42,21,32,65,64,15,22,64,74,82,19,87,52,69,53,88,26,130,25,49,11.775241471347714,9.535877173419545,30.869273462224967,5.569180637132412,19.81696127601203,13.836879486628053,13.56415138756109,8.241491249417264,27.94982660191443,4.537398471211169,17.56561439415949,15.565730178660077,13.567041683403449,0.7956053757596848,2.695617327740546,5.564740670631931,1.80319302872596,3.1097137553415157,-0.4812666924039721,5.399641846566981
82,43,21,32,65,64,14,21,64,74,82,18,89,51,69,54,88,26,131,24,47,11.831012803284539,9.548921464398138,30.87933671369507,5.579604079281994,19.81911840984475,13.805361090349468,13.58270336205428,8.247897626011685,27.903897624928742,4.546294336407928,17.41211246859261,15.583347056340912,13.519603690824443,0.8043407232894655,2.696996866557393,5.550267812139839,1.804262134521226,3.110096755901256,-0.4802687108918124,5.404417557453129
83,44,21,33,65,64,13,21,62,73,81,19,89,49,69,52,88,25,132,24,48,11.836152904083,9.570805355755507,30.806722031436784,5.613545198602347,19.85843149165864,13.791525799905981,13.554625199534097,8.239470670983488,27.953853025546106,4.562701233821976,17.477733753453126,15.508152183622713,13.476259203954626,0.8072084266823781,2.6995528309616716,5.556436743306376,1.8110050169760064,3.1142511851480914,-0.480388581892304,5.40816336204084
84,43,21,32,65,64,13,21,63,74,81,19,89,49,70,52,88,25,132,24,48,11.838998697031233,9.56051731149848,30.759887968445558,5.643765142220558,19.88044429716418,13.800909238160607,13.581039182165178,8.225745203928156,27.886193752120047,4.5608738874358385,17.459406299568094,15.513734609218208,13.512354690589852,0.8099858671716264,2.702156929072103,5.571656515642275,1.8178715524768254,3.116214797350089,-0.4740187497075655,5.403499371431557
85,45,21,32,66,64,14,21,62,74,80,18,89,51,67,52,89,24,132,24,47,11.855543559596434,9.548125223358394,30.730218065527392,5.664937077599512,19.878897561049342,13.805518201242563,13.564080020903786,8.232540951573789,27.897028263798813,4.565259904991867,17.43126265960027,15.494290930676543,13.529250111540751,0.8119369307151352,2.709867874326825,5.581738263502813,1.8236447863479774,3.114003007502655,-0.46516615274975515,5.378541078263779
86,44,21,32,63,62,16,21,62,73,82,18,89,51,67,52,90,24,134,22,47,11.88206187897758,9.542221173103876,30.80122248677426,5.698874623022168,19.875797492756234,13.81055614681112,13.540686656720773,8.243896087059094,27.898524686084304,4.573015640762358,17.41191422672999,15.499330680133736,13.512336987005904,0.8152713162331819,2.714725099871358,5.556854314802603,1.826198397451224,3.1119135176403745,-0.4651632555115342,5.365659817845887
87,46,21,33,64,62,16,21,64,73,82,18,89,50,67,52,90,23,134,22,48,11.90359766960218,9.541007822611531,30.87240006960041,5.743595773239885,19.871188397516587,13.785812325363576,13.526246631986808,8.272034804460848,27.91689367385221,4.567018669548498,17.30047010227057,15.498328575116107,13.459371234579573,0.8213791559398085,2.7153235803636724,5.55194486714769,1.839089908429337,3.093384184909229,-0.46189506073255404,5.36235797215063
88,46,21,33,64,63,16,21,65,73,82,18,89,50,67,50,90,23,134,22,46,11.892630471700294,9.529541477243317,30.809721909568832,5.742502074955655,19.874126436417814,13.78311171762547,13.553574185557196,8.276561940265623,27.823235286121985,4.590875731519647,17.3114873619471,15.469362241833856,13.49297211907745,0.831392603208432,2.7170455076098308,5.552519376911332,1.8495376171958458,3.09193836108141,-0.4596798801619105,5.35345432566014
89,47,21,33,64,64,15,21,65,73,82,19,90,50,67,48,88,23,134,22,46,11.91286535397215,9.544019621057878,30.79773832484134,5.762934678540812,19.87965843483357,13.78253853041526,13.556256929492251,8.255163033141484,27.80427551835229,4.604753626753324,17.297557459704393,15.464050738636432,13.503056724366191,0.8426259295062339,2.71931805187045,5.548827893586773,1.852515941629611,3.097404118657108,-0.4584758753042993,5.3469751208599465
90,47,20,33,64,64,15,21,64,73,81,18,90,51,67,48,89,23,134,22,47,11.918856821175297,9.55092288555496,30.731815508858357,5.795049286203369,19.888855429039282,13.792546018149949,13.53138423444011,8.253501257270909,27.77922283846537,4.612697466257552,17.340975290939227,15.483434842675852,13.473507060071492,0.8592119536272211,2.722791735454646,5.5484882595692016,1.856975710828519,3.10233502166087,-0.4599967500342803,5.35457676677159
91,47,20,33,60,63,14,21,63,73,81,17,92,52,68,47,90,23,134,20,47,11.937058822178138,9.584329416316443,30.755910498895258,5.822396780223659,19.876094038915173,13.801919676694206,13.529789851951795,8.267918241876657,27.807649453062762,4.591515269431285,17.329413372303684,15.526992194391166,13.472688291772643,0.8701018122400432,2.723431999695828,5.56048796737369,1.8550999546785367,3.0995426648258246,-0.4583947758785921,5.366132601394506
92,47,20,33,61,63,14,21,64,73,82,17,92,52,69,47,89,22,133,19,45,11.958407463015337,9.609418816815609,30.75493956605047,5.86134102852944,19.834323706644163,13.798532695574277,13.540749855644602,8.280329594009624,27.83759828723839,4.587122643041676,17.371617331483073,15.508988409745566,13.477501655921449,0.883965052617821,2.7362863307513456,5.563512745425104,1.85787935710788,3.096686638854637,-0.4543330566047035,5.343482519803657
93,47,20,33,61,62,15,21,65,73,82,17,93,51,69,46,90,21,134,19,45,11.94833431053781,9.623670257573846,30.790464916913567,5.899651570229113,19.824514093853615,13.810547392711772,13.509543008893322,8.288317999666525,27.761447954985087,4.59855953819372,17.388680666061624,15.486716259649006,13.473591924553915,0.8872207075739098,2.7414847295881244,5.5809057203638455,1.8568136373343587,3.098364476203971,-0.4453609582865189,5.365290981629373
94,48,20,33,61,63,15,21,65,73,83,18,94,51,69,46,90,21,135,20,46,11.929469356935186,9.641656454854477,30.715206581680615,5.920286280460976,19.781013385677245,13.804703280003364,13.499037946057959,8.275685285620424,27.813335759787925,4.597228491487733,17.38288706235373,15.438399223310293,13.4693491724408,0.8856483789424205,2.744919036976078,5.573007500492461,1.8612482244344144,3.0971452241217525,-0.44155237726218693,5.368861693632925
95,48,20,33,60,64,16,21,65,73,84,18,97,53,70,44,89,21,136,20,45,11.93806897621862,9.64205693121715,30.68076292458959,5.9296169074145535,19.793562232086156,13.785939345439873,13.531919164552868,8.274285075182805,27.799427735834502,4.606540963574564,17.362270371528943,15.464246222552157,13.424017518174576,0.8847522083423367,2.7592968466598515,5.565872397089149,1.8573410018201575,3.0981462389779484,-0.4362900465573679,5.376845839958261
96,47,20,33,61,65,16,21,66,73,84,17,98,52,72,44,89,21,137,20,45,11.958129430023847,9.676430040001275,30.6863005969293,5.907582134882811,19.75670033596006,13.781458688719754,13.53070004637819,8.27538209117314,27.77565312927746,4.614379837597112,17.35817917838458,15.486105519308097,13.39769339547447,0.8821511581229409,2.767284259994432,5.572820012500268,1.8558471881446525,3.1024290482463432,-0.4319425531069818,5.3819951947733395
97,47,20,34,61,67,15,21,66,73,84,19,98,52,72,43,88,21,138,20,46,11.935918071112734,9.693002320734609,30.718816348416368,5.93240548139298,19.73878139766619,13.777889431115,13.520735937806112,8.291117083210588,27.820925385767087,4.621371323241857,17.372475913356347,15.466650837023364,13.431164850135747,0.8762704921906492,2.777647491646373,5.553398300325118,1.8555747841266224,3.11136737463116,-0.4274564299198612,5.368845902894666
98,47,19,34,65,66,15,21,66,73,85,19,100,53,72,43,88,21,138,19,45,11.94996204462573,9.701706103448322,30.685196148081868,5.927990691436986,19.76393102300342,13.781689401786593,13.48629997529845,8.301057516142746,27.798977282531744,4.626789876932838,17.35513416933319,15.480931356833254,13.460216277704784,0.8716799498978637,2.7768498079436816,5.5473089762078205,1.8605133475554971,3.103779942979214,-0.4275690343266594,5.3873151432732636
99,47,19,34,65,66,15,21,67,73,85,18,101,54,73,43,90,21,138,18,45,11.959506351194394,9.70133288837511,30.744964726875452,5.937108670757663,19.780189293816875,13.777691421357561,13.505255696508893,8.302688160080296,27.852094251676824,4.632877163876506,17.348240576568706,15.4854780473928,13.481826382413836,0.8663115179300198,2.77861367148776,5.558384995095186,1.8687575386274315,3.1100657216056495,-0.42157499881449184,5.390099730499473
