time,population_run_1,population_run_2,population_run_3,population_run_4,population_run_5,population_run_6,population_run_7,population_run_8,population_run_9,population_run_10,population_run_11,ca2mean_run_11,ca2mean_run_10,ca2mean_run_9,ca2mean_run_8,ca2mean_run_7,ca2mean_run_6,ca2mean_run_5,ca2mean_run_4,ca2mean_run_3,ca2mean_run_2,ca2mean_run_1
1,545,557,624,471,565,531,657,459,458,408,575,-4497.9343688754225,5927.215345044187,-630.8730104718751,9853.779638849433,4258.810420707718,5805.217394286777,974.1251677458134,-265.9391216310109,-230.97789314550658,15175.886985066196,-5624.411057626195
2,710,693,795,567,697,642,812,555,535,511,703,-4968.228860917598,6342.536090124833,-604.0162238357348,9260.768161788512,4410.340313728618,6393.581915449582,974.0857432601174,-282.41552569928797,-266.7375033662673,15179.584025747692,-6206.144374059107
3,828,800,964,625,836,762,930,646,648,622,821,-4902.089865904538,5990.3700080927265,-619.2482941853164,9933.490024535218,4604.926518505827,5963.568457929279,1004.217660310929,-289.14119622384493,-294.566687897504,15538.53440192824,-9833.81860955264
4,941,915,1088,699,928,879,1048,743,749,781,980,-4904.389298335466,6278.458880988988,-631.0779455488369,9946.601927558966,4491.985703210108,6486.586614543268,1006.586929106692,-301.20376136948806,-2060.159084877794,15560.66194969107,-10274.560573441513
5,1056,1018,1238,785,1055,962,1174,849,838,901,1095,-4884.727723484391,6828.411762749133,-656.8698146767119,9948.3753214564,4681.506990493279,6435.153184705672,1047.5246674426091,-269.34757323047575,-2610.5921291246664,16043.03337923357,-12337.319277645393
6,1158,1102,1357,923,1197,1062,1262,950,888,967,1225,-4882.3738969515925,7080.2574203719405,-659.9479506893869,10634.693644022067,4865.231185091218,6403.198575724028,1119.9079481041103,-279.57033554848846,-2617.769917728403,16433.270740081007,-12849.216142194336
7,1281,1214,1492,1024,1361,1162,1379,1011,971,1048,1350,-5239.915613091536,6209.137616021865,-689.3892314851178,10752.709383472486,4998.981250196346,6500.860698873949,1128.0733318648404,-300.872205651642,-2619.0938096904474,13766.625922089206,-12443.478896194072
8,1400,1362,1618,1118,1503,1247,1492,1072,1000,1153,1463,-4949.751644308145,6801.579333640105,-691.1397293667214,10764.132153937904,4389.644074455958,6679.598495400291,1161.610363751773,-305.306353724285,-2624.7952851485393,13614.052131737788,-12908.98726276445
9,1529,1541,1739,1202,1607,1365,1625,1136,1029,1245,1565,-5356.695855499491,6475.555831774846,-694.2774935524226,9369.651595563078,4648.309796407822,6205.247591038513,1119.2823274420318,-312.61388233058966,-2630.604017060029,13728.422637003518,-13172.183194541412
10,1629,1696,1854,1264,1721,1480,1743,1338,1133,1333,1595,-5281.712549473657,6614.58034762395,-609.8361946779783,10185.16270745504,4659.345239961596,6201.178481799621,1152.0596524914024,-318.0853895682501,-2631.4194481504774,13256.06478275769,-13127.573468750517
11,1724,1869,1990,1374,1847,1573,1848,1504,1259,1429,1656,-5145.490188408305,6426.315056550423,-609.4633372791258,10544.44087797042,4575.816299199754,6322.129779622562,1124.6633483258527,-305.86587827975785,-3989.6400532202138,13032.491245179997,-13135.153677421737
12,1845,2059,2136,1468,1949,1642,1981,1622,1357,1528,1747,-5247.8409665822655,6541.225742299431,-612.5612711505091,10693.745874250397,4626.452873224019,6321.209845267695,1153.1387798529609,-315.78023022633073,-5966.907831730309,13032.179947106482,-13487.91399518074
13,1947,2196,2245,1559,2045,1765,2130,1716,1506,1659,1812,-5208.507078980112,6366.84019721186,-598.8604693454344,10950.757287004983,4397.1786060045515,6053.560976673053,1170.244382089843,-322.06210417469003,-6196.419545157583,12561.762016612578,-13568.06651006651
14,2077,2368,2316,1622,2147,1921,2262,1813,1625,1772,1886,-5204.14810199279,6596.234182017214,-591.5359173560096,10996.300317992398,4247.101439105544,6136.01241316743,1130.6752138581196,-317.42768343047806,-6188.80269820896,11868.998795240472,-13627.732924524504
15,2182,2512,2451,1668,2266,2028,2413,1892,1743,1894,1983,-5033.676871210496,6244.304940090194,-510.6425245095048,11046.127364894544,4485.836055699395,6152.383652976937,1143.3280181665866,-319.8069991405121,-6180.6443881324685,12021.800074114579,-13658.718258895495
16,2256,2677,2608,1723,2407,2116,2553,1975,1830,2049,2135,-4972.558365096036,6476.097660162228,-471.0718760121823,10582.47611841428,4485.001699846341,6033.68065988132,1138.7870709527533,-317.2873113927194,-8242.90883715543,11426.40846672829,-13690.186278445726
17,2334,2822,2772,1794,2535,2230,2678,2108,1964,2110,2260,-5039.761758084133,6643.271248070182,-466.8520960147082,10670.070600263953,4551.95525385958,6069.718622455206,1141.8323101960875,-316.6353518610464,-8231.50064096041,11362.783197066228,-13713.086725690648
18,2400,2948,2912,1838,2679,2308,2829,2219,2053,2206,2401,-5109.7401886008865,6788.822521921405,-468.0274415235289,10863.819927034581,4341.5813237813945,6082.834992234672,1147.027186174819,-318.32345965642594,-8236.356470305622,11404.585199956708,-13493.687397940032
19,2534,3099,3048,1883,2803,2406,2956,2292,2145,2305,2486,-5089.5758850770535,6783.293899640464,-423.25713404381753,10923.998160898269,4415.863622190319,6006.065287049733,1143.2310399966489,-320.673840002066,-8232.402088926943,11471.435148533305,-13254.09143055317
20,2652,3284,3155,1902,2937,2503,3090,2466,2228,2371,2602,-5078.311975115849,6413.744931278144,-412.7151549226727,10806.578076752,4457.99733912663,6024.214109034088,1147.9965474429166,-317.9330250577303,-8231.982091862128,10216.357904094193,-13252.786150111235
21,2778,3397,3299,2042,3067,2626,3226,2631,2360,2503,2718,-5105.185108212525,6573.323214371479,-401.8396565868216,11114.414595181817,4327.080683484444,6111.870414126068,1168.8791845247622,-297.7514742278657,-9190.771076641724,10226.304098289374,-13215.52670150762
22,2904,3504,3426,2191,3195,2781,3318,2775,2489,2598,2838,-4986.81052892148,6677.591091451396,-392.60374593249014,11058.655681517743,4393.673446486478,6120.622616045512,1149.7289772040901,-305.6762776182456,-9188.597442432563,10284.956217909457,-13081.284964611454
23,2981,3614,3550,2298,3322,2865,3457,2943,2615,2703,2946,-4974.459489568175,6818.292624933566,-374.459048184634,11412.341547360415,4322.486841318737,6141.121634807137,1156.9997162778766,-311.1524717478986,-9185.847629598891,10255.524246197663,-13137.24971658495
24,3074,3745,3656,2356,3409,2973,3585,3103,2760,2778,3044,-4973.92422892146,6886.680143777398,-359.6370767975449,11556.4326722526,4354.2929114127555,6211.881664655232,1153.4672852753554,-309.5987826874386,-11379.229373537679,10351.589142150215,-12773.849729912425
25,3210,3839,3776,2451,3525,3061,3697,3236,2923,2892,3129,-4972.324003148055,6740.506140925205,-360.7496890569448,11928.20621462702,4377.937596671213,6176.183292913278,1156.817545230638,-313.99570187446125,-11749.52831437201,9655.751779810755,-12742.207385071622
26,3335,3976,3900,2577,3611,3169,3811,3373,3073,3011,3249,-4825.539759023415,6800.751250842572,-320.16549227688887,12169.195355849319,4248.052345160445,6132.317304547085,1156.4361467854183,-305.8996681148239,-11744.712647820892,9493.627393264505,-12507.163634028704
27,3451,4104,4024,2658,3717,3299,3941,3481,3218,3145,3345,-4801.182259074811,6822.492503466315,-314.7647501440851,12275.006056076916,4275.062379772563,6204.727375043628,1161.2929675340254,-311.76624733994583,-12425.283950144943,9552.383016864176,-12416.111450271032
28,3548,4206,4122,2756,3869,3444,4029,3576,3324,3233,3462,-4756.287480346844,6732.522816062657,-273.9475450518237,12484.673813019994,4264.458532141174,6117.636622020384,1169.2224175997474,-298.6451322875378,-12862.83162627515,9604.949026274084,-12083.528313546947
29,3673,4308,4226,2937,3972,3603,4123,3664,3459,3397,3590,-4780.614082907479,6769.33346932754,-264.2604639235712,12341.566893511776,4236.15627410416,6080.9900382108235,1173.6745793418017,-302.51995442383424,-13019.09405671819,9543.946576454728,-12080.497055847081
30,3765,4396,4281,3082,4122,3707,4262,3804,3581,3495,3711,-4796.002280771335,6856.940493578211,-250.5751759485458,12109.606764903388,4238.199122011296,6042.630524648275,1153.9473532378045,-308.95281910695286,-12921.19458680126,9512.290234910091,-12013.665705945537
31,3874,4509,4430,3212,4252,3818,4369,3948,3659,3629,3838,-4738.359108813503,6932.709407613884,-256.0647831411952,12228.345955133425,4243.219216096303,6051.5293069857535,1158.7154188096463,-311.9332321653396,-13126.186024724055,8985.800671762936,-12012.378993615666
32,4008,4599,4537,3308,4319,3907,4457,4120,3813,3720,3937,-4735.751679086052,6961.52162890479,-243.10638245852982,12263.48068379752,4251.882504555149,5968.085289209734,1142.166925784679,-313.7240004213841,-13396.088923891184,9124.010375773481,-12024.782548830544
33,4112,4734,4657,3379,4437,3985,4554,4246,3909,3828,4050,-4752.738906098809,6990.136062741878,-237.4844777865851,12491.405992356373,4264.7446269162565,5951.950646894024,1151.2711564873407,-311.770428618135,-13932.455468744343,8879.64714646374,-11765.540982036435
34,4218,4787,4749,3508,4525,4144,4644,4422,4041,3888,4109,-4770.372295141141,6898.2053746680895,-232.6012477935712,12455.05865005858,4218.5424185082975,5939.308666000314,1150.4480458072564,-309.2050992864335,-13908.310649812413,8427.148968266612,-11390.761584418991
35,4394,4887,4839,3629,4624,4281,4744,4546,4144,4021,4217,-4735.435458006795,6937.824401743632,-230.8991514668973,12405.789496145288,4152.477079429727,5867.213782147517,1135.8816500499706,-309.9553235354216,-14114.538852223926,8535.914133647026,-11292.487056577604
36,4541,5006,4938,3769,4747,4370,4841,4672,4237,4101,4342,-4723.6509982217885,7071.20844059061,-229.03032058367037,13026.979338563087,4176.472970163417,5867.564185934998,1127.074543089368,-312.0275284926749,-14239.280581430972,8553.329843474423,-11160.103315614564
37,4611,5041,5010,3875,4846,4467,4944,4793,4364,4211,4429,-4679.025501145224,7137.00129030802,-209.52666016120762,13147.103904747828,4134.755087956218,5787.243879132246,1131.891994735403,-311.8864610082441,-14270.97147469038,8490.180143574778,-11020.666564872863
38,4661,5130,5146,3986,4957,4592,5009,4880,4490,4357,4523,-4701.064341472631,7226.224411808379,-208.10612277860483,13375.315832777958,4147.795651070612,5776.83407362547,1139.7826538292352,-315.16379190431434,-14238.878946739898,8484.73280943366,-10702.842025639788
39,4763,5174,5207,4106,5066,4656,5105,5022,4606,4473,4598,-4706.924499324289,7263.6622590480965,-201.25276262852967,13364.362538739939,4179.079431086482,5785.824713880444,1137.9601998634073,-306.2106930538609,-14301.70623355471,8441.402582079163,-10672.799155309818
40,4852,5252,5287,4267,5159,4758,5168,5104,4672,4560,4691,-4700.942890756631,7287.772022718503,-192.58587909037124,13316.78861672619,4140.004341860051,5696.749337394929,1132.397359427822,-304.8270045470714,-14376.6082896065,8241.826579770117,-10537.553450955662
41,4949,5336,5374,4392,5265,4848,5234,5266,4779,4675,4810,-4684.969361244672,7223.324224967729,-183.5865999797818,13214.802364028674,4136.416976326818,5693.299651161647,1134.034446377105,-304.3969756705583,-14359.44127388082,8096.1664294943475,-10530.067912880038
42,5031,5420,5456,4508,5333,4978,5286,5349,4851,4751,4912,-4652.824674217123,7112.915237103314,-169.9160115834256,13196.881532588664,4097.329571927016,5678.7435440474155,1128.876220399982,-301.1557685853779,-14394.593283182645,7562.8096153017905,-10515.089511457278
43,5101,5463,5497,4651,5410,5065,5434,5448,4938,4876,4974,-4548.782540628168,7265.737335976307,-163.11964254664457,12956.1866672985,4101.9456677973785,5607.820146298329,1125.1483049532624,-309.95016144444975,-14387.836208247265,7389.374819868311,-10292.278181361235
44,5199,5538,5545,4755,5473,5149,5519,5548,4999,4955,5024,-4554.790974043462,7313.339720395711,-152.21115659833308,12891.141258939484,4087.716306444436,5554.309208581022,1130.4176028673598,-304.309192161908,-14410.223916510862,7412.435470833301,-10298.662370725146
45,5258,5578,5583,4867,5589,5236,5528,5628,5062,5017,5109,-4541.073624254727,7296.720082508125,-150.8896122315751,13212.89777854596,4105.599796881773,5484.944272093432,1123.7778519952249,-309.87241042407015,-14531.202377793747,7374.023515212422,-10313.671684905077
46,5260,5637,5678,4939,5662,5288,5577,5649,5150,5107,5160,-4502.160605002727,7304.878477896643,-150.46805970068527,13256.323164958492,4084.797856638093,5398.135820200978,1126.2510004274811,-309.9796776121035,-14601.301959461574,7330.305659921663,-10116.182459815269
47,5346,5672,5744,4999,5735,5433,5689,5684,5244,5199,5205,-4462.160464070006,7330.025026499317,-142.72413912724645,13484.048897135011,4007.4080114802573,5355.772615853272,1136.4367237202102,-312.50248553368874,-14540.747211641401,7276.25353177039,-10106.410811499247
48,5466,5688,5786,5133,5731,5509,5749,5741,5325,5263,5243,-4449.7019649866315,7332.566515280337,-137.70671535837144,13425.305992094422,3998.527191180604,5296.238570365737,1136.5621373389697,-309.7261814105544,-14072.455392019932,7299.299962963711,-10055.494228817086
49,5559,5713,5807,5256,5762,5541,5777,5784,5422,5341,5294,-4426.557805073412,7327.068246705545,-124.59398254308125,13603.796778711658,3989.3778248838616,5268.633928695097,1131.0862117905253,-309.2613246457223,-14127.701806084297,7296.374322487508,-9883.222969762817
50,5638,5780,5862,5383,5816,5604,5815,5875,5516,5402,5342,-4413.7214664056655,7285.44856608704,-122.98941393846938,13660.76970078197,4005.040151918459,5230.857040143142,1134.6147981425383,-311.1863828936716,-14075.373939376776,7238.4830489843525,-9374.45034093851
51,5695,5837,5869,5381,5885,5700,5804,5933,5573,5438,5407,-4432.047908305266,7296.280501650552,-117.64000474071476,13527.210034801534,3998.679909075184,5245.709002500951,1132.5687976098566,-306.3661147048557,-14023.145507196536,7153.518984654297,-9308.330303091188
52,5673,5847,5868,5441,5959,5732,5872,5971,5635,5504,5497,-4420.377990068058,7284.36438357195,-113.20873212982332,13501.57697698562,3988.17569778646,5207.8157582753665,1127.8907037108006,-304.01326524778466,-13756.059800904595,6992.295866503859,-9073.659757078221
53,5682,5849,5863,5518,6007,5781,5893,6037,5690,5588,5509,-4410.431225844539,7262.860732533198,-108.97367097055624,13515.469723388638,3966.520849498936,5259.151268369367,1129.842967686902,-296.8895356071786,-13615.254218634256,6907.333318326153,-8785.25082311318
54,5691,5864,5838,5609,6000,5827,5921,6092,5757,5703,5542,-4374.223188775568,7195.717615743085,-106.16427578852847,13652.905699191788,3922.8444641891724,5290.701340792759,1127.2968173438917,-299.83728174396106,-13523.309547425775,6788.574890796106,-8784.149183941783
55,5741,5874,5889,5682,6046,5914,5918,6097,5781,5780,5594,-4368.871669732957,7282.678996855318,-97.44661854336756,14035.367141983705,3903.872752546157,5309.995778739915,1121.701575213085,-292.75516979681885,-13518.673671054652,6748.0343453234445,-8795.02655918077
56,5754,5857,5827,5800,6077,5931,5936,6107,5801,5821,5622,-4368.715570428748,7221.7582311033775,-102.48448123753137,13898.776094920371,3930.19192439309,5312.243083666996,1120.4264218736755,-286.8315031549328,-13470.029507323146,6649.610973769139,-8780.529189802593
57,5786,5856,5822,5846,6129,5973,6042,6084,5875,5836,5662,-4354.638730792808,7253.286402016129,-109.39126108192504,13913.981227727656,3926.328936552059,5267.427531180394,1120.2296010868565,-277.2317748538048,-13471.646398569614,6635.6052065709355,-8758.210801646212
58,5843,5878,5823,5962,6157,6022,6036,6045,5885,5866,5675,-4363.212099732007,7182.131137707272,-107.60670357025917,13925.213183700436,3899.940669965556,5225.3972577923905,1121.3418822455162,-281.1149981838252,-13175.724451562008,6619.792397224893,-8755.835524131837
59,5895,5921,5804,6020,6178,6052,6038,6051,5952,5844,5693,-4322.886923917402,7182.948554235788,-108.05653172025528,13953.086047317905,3877.4864953079405,5218.735555697563,1115.5641368041713,-278.1004668085427,-13120.950139079643,6471.211427247172,-8598.424473591975
60,5909,5883,5800,6025,6236,6072,6028,6005,5961,5852,5764,-4283.925075898805,7171.516105790381,-111.44261927967291,13831.266030323413,3879.983195875428,5171.847043521114,1117.3116160217685,-272.96056921525894,-13071.21408765852,6427.030042140498,-8396.278047809852
61,5891,5887,5807,6097,6281,6042,6008,6044,5989,5818,5712,-4281.019318626091,7246.677378925643,-100.99221456536696,13949.212485303418,3850.007692378213,5149.710839173183,1125.7378982008781,-272.7313600772719,-13069.71390814559,6396.469955806974,-8235.11780747349
62,5909,5879,5806,6185,6291,6023,5985,6039,5975,5873,5725,-4242.216486348325,7257.062491496922,-104.09613094926593,13982.104489717894,3854.9602973041965,5111.6745696340695,1114.5083682013783,-268.4531583633712,-12887.364335901886,6326.280709433519,-8236.977901992404
63,5920,5888,5825,6237,6303,6106,5953,6013,5955,5959,5727,-4252.281345157931,7307.75458612096,-104.61692394307003,13933.693643021732,3854.2759892099193,5058.949396586461,1105.1590315843807,-261.3080913717255,-12702.2323866108,6251.765618376642,-7566.759066217287
64,5889,5872,5869,6268,6249,6160,6011,6059,5895,5994,5702,-4240.411570092397,7287.17559501468,-103.8712723816307,13864.708113421964,3859.031512912388,5048.7339417124585,1110.7889695749332,-252.2786580822679,-12572.236772475158,6205.286189759973,-7568.759814746205
65,5875,5837,5857,6302,6241,6157,6038,6034,5881,6043,5708,-4226.707233367705,7316.125734855777,-101.69589696149723,13850.132068533572,3855.41831668043,5011.451585607146,1115.249654690273,-246.71834120064875,-12576.844243110545,6166.329815427159,-7551.440071200966
66,5811,5754,5847,6352,6219,6096,6007,5979,5893,6110,5729,-4209.980304616609,7291.401236269389,-103.26478437088403,13992.916743071459,3857.534901905909,4961.358624500361,1108.2431083229508,-236.39726393665356,-12508.637863137177,6114.733742656125,-7538.034717170877
67,5842,5744,5802,6350,6217,6095,5990,5964,5927,6112,5667,-4187.135863012458,7290.648179216259,-99.03028728660506,14189.697719231399,3837.4176669758863,4952.414375322269,1103.8728204650179,-240.98382528889329,-12385.006669105685,6107.32365892146,-7517.578906866267
68,5816,5744,5790,6287,6219,6075,5961,5891,5987,6074,5665,-4185.351604695582,7264.52301126769,-90.93479970817634,14140.452073002283,3827.760176201731,4921.406409578449,1092.8828804165416,-248.04971150709312,-12222.08062626122,6092.002784267971,-7472.99433767999
69,5807,5753,5735,6215,6239,6094,5933,5900,5937,6087,5665,-4171.013172034503,7277.916913761735,-91.14995272158866,14161.59250459035,3828.1897128757623,4888.04419394638,1092.9595718110968,-243.2181033219993,-11952.866510019892,6114.7859091513155,-7417.577820615965
70,5782,5785,5712,6179,6269,6059,5879,5862,5935,6074,5672,-4165.443194461767,7550.03983080886,-90.25899863260254,14188.034578764222,3809.2592755340297,4842.535672540002,1095.293593872447,-240.88295139572838,-11837.663877976614,5905.243160384622,-7417.7538791517645
71,5736,5784,5691,6069,6275,6081,5861,5863,5877,6026,5655,-4153.446147739468,7564.109611273044,-96.44476350251813,14199.205949626083,3817.7673148166523,4840.423317619807,1088.5981296714265,-235.738640210265,-11801.367493201147,5913.21874963435,-7420.571938209598
72,5736,5767,5621,6038,6240,6058,5795,5879,5828,5967,5647,-4149.401624402812,7574.718168902566,-103.35330299936578,14067.235870875222,3808.4034151755905,4813.866377322546,1085.1748546800166,-234.0316515310531,-11786.199415646666,5862.96432612824,-7350.8677028290085
73,5753,5722,5629,5998,6224,6107,5756,5820,5840,5982,5656,-4153.773769054008,7574.488339086486,-106.09881641626244,13989.228751526862,3785.478731395042,4804.030374441132,1080.3837765968372,-233.96357535689324,-11539.407270555705,5782.826580565182,-7308.5613449262155
74,5689,5678,5623,5972,6190,6161,5734,5806,5757,5959,5660,-4151.1217654189,7629.921432380412,-111.94342684341731,14012.857146888506,3769.7662358290763,4788.327457178853,1077.1279822748422,-229.3955131070055,-11476.909565032465,5772.207352566594,-7290.854228428316
75,5736,5659,5676,5985,6174,6142,5669,5796,5732,5938,5660,-4122.966728118144,7627.471096946625,-113.37579077343798,14030.005195870786,3779.566433933185,4757.490311573805,1077.3620905651208,-225.3904113145302,-11495.070339921598,5728.103285326524,-7218.104594713148
76,5693,5625,5627,6088,6085,6046,5591,5740,5713,5843,5692,-4116.590552584069,7628.538456362158,-119.16527046147456,14073.506485484972,3787.9855753964157,4695.114395199763,1069.726786107637,-228.2150387837064,-11341.127295400975,5722.9254653970065,-7129.354893537593
77,5724,5648,5596,6158,6054,5916,5603,5752,5682,5825,5731,-4124.249229880543,7635.6009780561035,-116.96380970382152,14045.595682373323,3792.4939365116697,4694.1588761129515,1065.2368013841146,-227.369871290024,-11345.055354795513,5729.087407761041,-7104.5005404918575
78,5718,5639,5534,6142,5952,5836,5598,5710,5720,5817,5734,-4101.972213781876,7682.40579047118,-116.2896684516304,14043.64771148072,3800.5232241490876,4669.773879492113,1064.7830102725102,-224.0883607393708,-11218.021808883577,5643.460144708696,-7004.469473784205
79,5716,5584,5503,6264,5895,5768,5614,5649,5738,5855,5685,-4083.238383910672,7769.259400640942,-124.8369505326971,13985.282663383876,3784.958287932764,4655.634156784883,1060.415232500088,-214.08582254774748,-11196.597312845037,5598.360108289699,-6987.700999854799
80,5686,5600,5435,6306,5841,5715,5653,5630,5701,5870,5632,-4080.934229023884,7749.043442750528,-130.5109548580314,13939.76120398192,3770.122820247784,4646.77560811681,1057.5432740562055,-208.18438457709195,-11142.898780878413,5563.469474520155,-6935.200513702029
81,5662,5553,5383,6254,5828,5699,5643,5608,5692,5849,5574,-4070.5379899582413,7738.583049176787,-135.68865236423406,13968.373368830506,3774.026637533654,4619.396357081973,1056.5780117226418,-197.547233818964,-11097.629561100573,5544.417188790748,-6915.783458239648
82,5598,5523,5314,6241,5802,5734,5573,5610,5713,5820,5506,-4057.4700450040195,7715.670206835523,-136.1490012225831,13908.45318942337,3774.0557394300886,4600.084348519718,1050.363731836319,-209.29743565831177,-11064.658172246103,5553.766455499923,-6915.318680390542
83,5558,5504,5304,6142,5750,5689,5575,5611,5700,5784,5448,-4054.4354448494846,7794.148779920833,-144.96226144355998,13902.921761767382,3755.548228219555,4559.220076107333,1038.6186662721375,-210.19229494538698,-11022.742080788605,5534.312646734922,-6855.838956421543
84,5497,5535,5255,6035,5819,5633,5516,5575,5666,5764,5342,-4066.16640829336,7827.401963143579,-149.84215053083528,13901.569009498146,3756.6643448089426,4531.966565212079,1032.0973186182255,-211.06300239918778,-10912.798435130338,5517.175987484519,-6849.1101815465545
85,5443,5526,5228,5969,5780,5583,5438,5546,5589,5689,5316,-4070.2849943935753,7812.237230881761,-164.15670956316723,13784.994510735858,3742.7834410217497,4516.053048014478,1027.8106019325915,-204.49041991100742,-10912.693952073005,5518.14298112258,-6827.41143376481
86,5375,5530,5267,5865,5775,5512,5377,5562,5582,5645,5244,-4069.1176719369073,7856.896033360783,-178.45759890612823,13748.728185898728,3744.247625287532,4492.702557247999,1023.4890956069496,-203.47901058241916,-10911.628127739714,5510.8545746077425,-6771.21074399735
87,5338,5516,5210,5780,5748,5482,5273,5508,5511,5578,5213,-4065.296326201074,7899.155504219148,-185.03032358619072,13715.784648606756,3756.0533828995676,4485.574259997971,1020.4867028236808,-211.14965447996326,-10859.791428657061,5445.733456166076,-6701.738785737435
88,5338,5517,5189,5702,5753,5482,5210,5492,5528,5526,5189,-4052.892192164894,7872.4274416372355,-191.21186989329374,13688.792930115955,3764.7974012326704,4452.746398848082,1008.9541261285314,-208.4272788103681,-10846.85125488114,5443.491170256095,-6694.553780878152
89,5316,5474,5207,5708,5723,5465,5164,5480,5488,5494,5173,-4070.5795038483852,7960.832634646995,-190.08971651160118,13676.95879937284,3776.562188320095,4456.492537674987,1001.1107429425713,-202.27252985451926,-10846.776691577848,5434.88959900476,-6686.683333756084
90,5268,5458,5231,5757,5646,5423,5095,5428,5416,5398,5132,-4066.667194637407,7996.808316653304,-195.08974397374172,13640.257319304805,3776.318338942285,4443.579037133916,995.6574193209062,-196.8396483566215,-10847.945292177177,5396.7116194484925,-6668.68361512263
91,5238,5420,5187,5757,5574,5405,5081,5351,5351,5375,5171,-4063.3648610291693,7997.927471130203,-204.08641610259124,13587.228663904638,3772.9433064729656,4409.964472868288,996.4788010552352,-199.20228678309627,-10743.54854241054,5361.442936694897,-6689.04159652346
92,5208,5394,5175,5747,5498,5344,5060,5272,5352,5347,5160,-4054.8155818912983,8074.488467298669,-210.261321852789,13512.224936912473,3759.7628441738816,4387.9150056100525,992.9903994312021,-193.86440330157785,-10742.3503990579,5355.105591148321,-6664.869690483691
93,5216,5359,5162,5736,5403,5323,5040,5220,5364,5311,5152,-4045.0076307722993,8075.707656919347,-214.77204723311405,13535.546108590655,3750.233461031496,4365.777538407637,1004.6339950354496,-190.6617419965009,-10560.647086832781,5359.48020938373,-6642.69197926789
94,5156,5326,5107,5774,5381,5237,5032,5193,5373,5269,5141,-4029.7086224677537,8106.881688085402,-212.66487715544244,13566.967721261764,3748.041378849201,4331.8495900999305,1001.0436931146238,-187.44411715932836,-10533.102522738367,5301.024488852721,-6565.485044194806
95,5154,5292,5092,5804,5315,5203,5015,5196,5323,5251,5061,-4033.316254093525,8098.5250314358245,-216.50699426367436,13572.787325746938,3738.1727407817602,4327.083114648027,1001.9633695528079,-185.67898782844603,-10368.825535269014,5308.939327078255,-6515.24135190449
96,5131,5282,5042,5733,5249,5161,4980,5172,5248,5221,4994,-4024.4064467294406,8117.213494925658,-230.8786649432347,13487.740095600062,3734.281035135777,4324.183693830998,1005.8258577559618,-187.59691180572543,-10366.072680421663,5279.472127269733,-6520.0983546516845
97,5080,5285,5033,5654,5211,5125,4910,5224,5233,5230,4921,-4023.96516536306,8149.164277582597,-239.4141070788588,13451.237338636709,3729.875305904889,4317.366573201553,1011.7526269238073,-170.33164068465848,-10345.536990143237,5283.6617524578305,-6510.345173094764
98,5072,5266,5033,5651,5201,5091,4903,5206,5217,5222,4926,-4021.889185252048,8134.75209091897,-242.09424102540584,13233.561904519413,3736.3316335581508,4298.072608177178,1016.8033830568578,-174.99882126022376,-10187.105180096845,5281.436201094559,-6488.906058323999
99,5033,5275,5035,5620,5229,5040,4840,5216,5207,5196,4885,-4004.68277535248,8144.314322290134,-234.5627151908711,13214.778053342008,3733.181724738201,4283.715518847723,1011.4584847739915,-177.76191055724135,-10166.775681703231,5277.667470298637,-6460.997129911322
100,4978,5264,5040,5523,5225,5039,4844,5209,5208,5179,4900,-3999.6109368321504,8145.539331650694,-236.357958352301,13173.596931573311,3725.0665329618732,4260.867014925179,1013.4917130693237,-180.36270463402886,-10120.117361434444,5264.275521194088,-6441.851748478639
101,4950,5234,4986,5548,5241,5018,4788,5189,5183,5156,4927,-3977.8922978285646,8137.061028154135,-236.8940999896168,13176.4591808441,3715.8211856952494,4229.235429590521,1012.3711122896717,-181.78684597185446,-9915.956781385888,5220.924920090835,-6447.896995110399
102,4939,5259,4955,5499,5212,5023,4758,5159,5182,5129,4906,-3976.404602266841,8171.418239768189,-237.80327383628537,13201.716754938217,3721.6183146047606,4243.083516513166,1013.6646995589274,-180.75768689607125,-9665.719539619527,5205.255755010673,-6420.205672609531
103,4907,5230,4936,5527,5106,5009,4730,5153,5180,5081,4851,-3973.209680927198,8189.070689117164,-239.45605009788096,13112.346594277107,3712.6197367696286,4228.825847331546,1012.9667274851623,-184.18434742704758,-9488.146008750677,5189.879892614811,-6349.4378612108985
104,4899,5222,4917,5510,5051,4968,4736,5149,5178,5013,4797,-3958.522219320286,8192.532733860087,-247.73646605083852,13020.800107014937,3713.8513128171303,4217.1721374007775,1017.3913208614991,-190.5690832907004,-9493.983878776771,5171.659112131955,-6334.4726015498545
105,4922,5198,4932,5495,5037,4934,4696,5162,5199,4923,4714,-3959.019072829775,8203.012136447525,-254.63695177330615,12979.302332263589,3712.733600409926,4219.378201470027,1013.1532076668958,-194.78055343516502,-9217.277355761653,5091.7111998203645,-6297.063359476071
106,4910,5142,4882,5391,5021,4927,4708,5148,5172,4850,4675,-3958.7841176008283,8201.997620941887,-250.11824528649515,12951.820448560235,3713.4758295152474,4207.946993163427,1004.6468362953219,-194.61411197339487,-9013.072435511898,5086.478597176618,-6269.512042959053
107,4892,5117,4867,5296,4982,4903,4686,5123,5135,4760,4647,-3946.5182587622703,8239.182882313069,-247.81780623577646,12940.626004051588,3713.4847794595803,4196.426068419784,1013.1658109379364,-211.17624149540688,-9006.829526360585,5088.325000870705,-6270.244746316151
108,4894,5102,4846,5220,4994,4894,4661,5082,5152,4706,4629,-3952.390795509043,8275.582793699643,-268.245658307077,12946.344008206572,3718.1302000264577,4174.943279109698,1008.7067990239498,-203.91542191170421,-8876.101151732275,5091.089352417404,-6241.103168396627
109,4846,5115,4858,5134,4917,4862,4676,5088,5126,4710,4617,-3952.691073597785,8277.070996479024,-267.30220645529647,12882.916493749499,3699.935913261332,4170.4904704052715,1003.024406886525,-197.02695787969793,-8799.515187895402,5089.888872960808,-6229.856224040352
110,4830,5123,4857,5067,4912,4823,4685,5072,5098,4659,4633,-3947.581516845942,8320.42554230399,-271.7006469604788,12859.606540436409,3697.189975136083,4182.854634061359,1011.5868589576216,-198.3253213576891,-8726.22404947651,5101.866037241452,-6226.052287760665
111,4797,5134,4870,5057,4902,4803,4668,5093,5047,4654,4646,-3944.078480953412,8336.816903283408,-275.393172610167,12876.828864599316,3691.567677568686,4168.8168771238825,1011.217341353513,-197.52379725063025,-8693.806818463267,5088.437386948403,-6216.302996939501
112,4769,5166,4871,5009,4848,4761,4666,5076,4997,4628,4637,-3938.3503105274744,8337.058362654047,-275.0750170975909,12764.826399679616,3685.281667732759,4152.630681719139,1012.9961454152723,-197.7518276471937,-8657.970747456848,5058.880314579114,-6202.919965192423
113,4743,5123,4833,5013,4854,4757,4629,5057,5012,4597,4600,-3942.7198502622737,8340.306969688916,-288.32149886649916,12768.083097794392,3694.4155883542558,4148.961060189984,1015.4621661794212,-195.87246780893506,-8647.747947643931,5049.833766944907,-6209.554419092047
114,4671,5113,4833,4985,4813,4727,4581,5058,4997,4583,4607,-3937.3317608553734,8336.55750408861,-284.7247234251443,12744.809849137579,3702.4332575743456,4132.273151824233,1020.2221256806075,-198.8946336101316,-8478.288118676795,5028.242404540752,-6213.737331309853
115,4659,5087,4787,4990,4793,4697,4558,5071,4970,4563,4595,-3924.8988517502958,8378.436132147117,-283.8377274441397,12682.506196335877,3701.2779497922797,4117.7265152325235,1017.1394801151976,-199.78371880861107,-8404.597491306156,5036.071552199557,-6183.826998635293
116,4616,5079,4776,5063,4748,4695,4562,5028,4942,4590,4588,-3918.7037000163714,8382.455760029905,-278.95796984027476,12621.213262878704,3697.7876589383955,4080.3769876521533,1019.1981925692858,-198.81411363716722,-8107.719472049262,4994.996432385071,-6162.097171704611
117,4607,5046,4788,5068,4701,4696,4554,5038,4949,4565,4564,-3918.5291148619267,8365.605933276958,-279.58805316063643,12534.823439101276,3701.3248488305794,4078.7346281328623,1015.1847204540816,-200.00631122391468,-8056.897825928778,4992.960262165111,-6162.998544733746
118,4614,5030,4778,5055,4743,4669,4558,5007,4934,4551,4523,-3896.7832191483417,8392.750142683726,-283.2890134327962,12537.709803832857,3701.1273837902495,4069.045396020264,1022.4282312513911,-208.98900583725572,-7924.679740086881,4991.913916228564,-6128.013364456599
119,4599,5011,4764,5041,4753,4659,4543,5005,4966,4560,4464,-3893.0220725322156,8379.406567317428,-283.2778744747006,12530.285756155545,3699.490969671866,4068.2949084898114,1020.805667671338,-221.73869667508032,-7849.852071431987,4975.73395197136,-6124.400804041766
120,4579,4993,4795,5002,4767,4596,4500,4990,5010,4519,4416,-3901.039703159849,8382.01080839175,-288.42423288226956,12495.477605881357,3698.238422342203,4056.7727005544757,1022.4960578415659,-223.61135398760686,-7713.581923015675,4954.946160164342,-6100.979208449584
121,4588,5005,4792,4976,4729,4577,4491,4992,4992,4471,4356,-3893.894523414594,8370.752204980496,-291.87879771948576,12442.712900430357,3691.2712131172484,4048.429536100332,1013.8891547828532,-220.3629716384555,-7671.214900014725,4936.24173399742,-6115.6060205581325
122,4551,4999,4750,4944,4733,4553,4428,4987,4985,4432,4345,-3898.1013530175933,8402.166850040952,-290.61047699732745,12266.013218671402,3682.3673880525007,4037.9175625905486,1007.5415235468254,-216.96734179618718,-7583.7994836023745,4930.6807252082635,-6113.4342140588915
123,4563,4982,4750,4870,4726,4538,4410,4952,5017,4438,4325,-3899.6000844679197,8430.59259622795,-297.1424683224416,12279.72175087996,3683.5739437346087,4030.0894805309467,1005.8820918152109,-219.04463466829037,-7570.452979906056,4925.405417195035,-6105.368865160045
124,4558,4989,4741,4778,4747,4484,4411,4942,4990,4419,4351,-3895.5815577638646,8436.929591741708,-292.8730879677931,12275.24169522423,3684.1647445659582,4014.571230719159,1002.6979186209923,-222.44445904899885,-7391.767003704085,4907.569600787333,-6040.963927488127
125,4548,4982,4747,4691,4770,4492,4393,4934,4952,4435,4344,-3901.90019965022,8450.019082138151,-298.56064815452794,12270.894047101816,3678.956044171987,4007.668888963494,1002.3020244331029,-219.00862861991675,-7345.032367786124,4905.75275979778,-6053.858304127706
126,4564,5001,4729,4610,4734,4515,4412,4901,4945,4416,4360,-3891.155784803456,8457.243368799393,-294.9558892836032,12064.410839670467,3678.9906560494633,4003.251490123936,1002.1665409588612,-223.00754579034705,-7325.3889669768505,4909.153770630667,-6040.001291233032
127,4604,4987,4731,4632,4732,4485,4424,4864,4941,4445,4350,-3874.929511379914,8483.171718246631,-295.18077467522465,12000.21891636418,3672.0883783161858,3995.1616953015646,1008.1057057568138,-227.22320287399566,-7326.585615682171,4914.5861333317725,-6040.472123481624
128,4602,5017,4710,4639,4726,4483,4434,4846,4915,4401,4363,-3861.0019865809063,8485.479425723908,-305.19144307471976,12001.367255154766,3679.847864193343,3975.975878168346,1001.8979941847505,-228.41651148887397,-7228.975482370874,4908.994507128851,-6013.659449945225
129,4570,5040,4717,4654,4710,4495,4446,4828,4877,4388,4287,-3852.651324342475,8497.03612144894,-303.8693205932929,12008.238279618072,3675.902303145886,3951.322680387501,1001.0355686745952,-231.6589193204229,-7118.718684405544,4899.910944930441,-6012.7358110139185
130,4544,5041,4728,4651,4692,4464,4455,4804,4861,4390,4283,-3859.0062018838626,8497.592030601474,-313.8268287431633,11961.747133158951,3664.51294682735,3931.40862230829,1000.7699807574012,-226.67887516056308,-7051.995951367638,4885.115589213625,-5992.867525496167
131,4522,5038,4706,4620,4675,4481,4425,4772,4859,4380,4264,-3863.091201558924,8510.350796649482,-318.2692414595939,11983.384803438677,3665.014506182631,3923.6064760403374,1005.6452999657805,-224.28985966771972,-7019.598292499371,4878.040562795021,-5996.458140010229
132,4543,5024,4700,4610,4618,4486,4435,4799,4833,4352,4263,-3859.701066095655,8503.229537017534,-316.9581434965574,11885.784176605908,3659.2869378288256,3891.447393086346,1019.8637347773395,-227.85419951680552,-7000.994363050178,4876.665085099374,-5982.044588132688
133,4556,4997,4717,4572,4582,4460,4377,4849,4831,4367,4266,-3852.3688261980096,8489.705084407608,-315.17262866205704,11908.5515341422,3660.5535231414133,3870.338094862679,1020.0680933114896,-233.25014640773932,-6953.165162339057,4867.167980104735,-5959.663065729094
134,4520,4991,4703,4554,4609,4434,4391,4819,4829,4325,4261,-3846.338317402098,8531.900583164548,-306.6817667413272,11870.716705224815,3668.8656281664316,3869.5196469378857,1024.6267712119954,-234.55731263026885,-6822.057367636846,4858.593950539551,-5957.5552749400085
135,4492,4995,4678,4511,4568,4404,4384,4827,4822,4338,4277,-3845.0477411789025,8545.853632098442,-315.3395800331644,11851.294780723383,3670.023221326184,3882.4853510970534,1025.322736797589,-235.94363121092155,-6749.679448054617,4869.860843973343,-5967.688509201066
136,4478,4990,4677,4470,4579,4411,4353,4830,4812,4340,4279,-3834.913238673501,8543.568654698205,-320.8428682476545,11873.676013120841,3678.4709168922404,3857.4588197584058,1026.8095993479214,-235.09959122905735,-6706.150830477933,4862.002585506702,-5966.75370579581
137,4468,4994,4692,4465,4610,4385,4358,4832,4820,4337,4237,-3822.11111526787,8566.072100500327,-320.4107845875423,11850.682600518778,3678.3147476090776,3854.8254372789997,1021.7114084439238,-227.2992740757053,-6677.262650494056,4854.891464319637,-5961.808967688306
138,4445,5000,4660,4438,4618,4401,4345,4827,4786,4316,4220,-3828.9591997838356,8548.173971434442,-321.0169113393984,11762.112461294219,3682.066805369585,3841.6930033044264,1017.0589796437754,-237.17246027871272,-6594.560109042574,4851.1319000330095,-5937.910163722391
139,4448,4983,4668,4425,4622,4454,4327,4838,4819,4340,4215,-3834.290596966472,8562.294482379615,-322.5975469323722,11686.660072573583,3681.817804698577,3814.5111373862874,1021.7033404448238,-241.39778056205603,-6557.772720246509,4843.470402708862,-5921.758946588504
140,4432,4967,4642,4396,4613,4456,4323,4851,4819,4318,4211,-3824.4251061379196,8582.475214068572,-318.9338504386394,11606.869752982564,3680.8010469270494,3796.088667423719,1029.390179586249,-241.8660646403945,-6558.547379606436,4839.759051811299,-5923.10970399812
141,4449,4972,4672,4388,4595,4456,4304,4835,4807,4348,4181,-3819.1384519744674,8589.714878606395,-318.6240925979524,11563.881303233162,3676.292804077882,3787.8035581067693,1025.0108266984678,-246.16118388985652,-6486.644474022215,4831.37709350284,-5923.599407641351
142,4440,4979,4704,4403,4562,4445,4327,4841,4798,4407,4150,-3824.175046440709,8595.010185053756,-316.13020726882655,11557.233903677175,3684.4071500931527,3780.6547719008763,1028.522638212401,-244.3668474069574,-6413.719071915439,4836.462010174771,-5905.475214117441
143,4424,4953,4712,4407,4585,4421,4300,4820,4762,4391,4174,-3827.780544296907,8602.286495317185,-316.3041033617036,11522.096823605767,3672.484410030008,3766.5079869461133,1020.0048779145465,-240.2082646389622,-6336.405856992539,4812.019062183852,-5897.608155926302
144,4430,4939,4720,4404,4581,4430,4329,4834,4719,4379,4179,-3820.4939310621335,8589.169181669535,-317.2505799113028,11543.741120039005,3671.3969367503923,3754.4952261926464,1015.9150297547021,-233.87699962227907,-6241.123617186402,4816.256431116232,-5906.429904275857
145,4434,4941,4724,4394,4543,4437,4328,4796,4717,4370,4202,-3809.5938411048437,8587.460928211154,-316.7031952898904,11531.501672049115,3669.6613103616874,3726.093297954413,1021.142152598147,-229.7022656781515,-6243.1276330022365,4823.483957390147,-5908.929437114094
146,4443,4951,4716,4437,4547,4448,4332,4798,4710,4380,4184,-3795.6695797873963,8582.502197429478,-315.3540430965744,11549.891639832902,3670.5586683325223,3712.5443082621746,1028.072809138814,-230.82431565854387,-6180.532320887539,4803.741441203967,-5892.868223191074
147,4439,4951,4688,4420,4538,4400,4299,4818,4713,4378,4225,-3785.521762343191,8580.524286918964,-311.47557649055017,11509.107328793956,3666.7334816780613,3695.0016217814173,1025.9043822994088,-232.12179045118424,-6114.588406435263,4794.517442475987,-5868.351199519928
148,4478,4916,4672,4396,4544,4430,4297,4800,4725,4350,4209,-3797.450138531187,8587.31759316802,-327.1626919530149,11489.494709221082,3667.2379236911397,3687.1985913316553,1018.1358895984594,-233.9873878851278,-5973.526146004813,4778.064795594435,-5838.286920705199
149,4475,4917,4681,4398,4545,4377,4297,4804,4697,4341,4194,-3798.1231849897267,8574.592347149923,-329.12331628565056,11454.498127274655,3667.22940618384,3672.950944294222,1017.8114842783607,-233.41937573910897,-5934.111900454183,4780.90053286262,-5837.961609810261
150,4461,4907,4651,4380,4542,4382,4286,4822,4649,4338,4169,-3790.1894789018775,8586.241968604854,-337.3636912561819,11427.142595760573,3656.9867770424207,3661.044235189385,1022.3188142016734,-232.2661256646288,-5919.807162017769,4782.287411179181,-5837.364330678767
151,4444,4915,4647,4373,4553,4410,4239,4788,4648,4314,4152,-3791.495334551066,8583.228111564602,-338.3904280768159,11406.41094217593,3642.364670572076,3650.2776692336665,1019.4657123687144,-229.48073381770593,-5897.6428511452195,4760.461610944667,-5820.8620633206765
152,4440,4935,4646,4351,4537,4406,4237,4786,4653,4293,4165,-3795.172605341674,8598.579074568252,-339.2951908326605,11397.348099126171,3645.2295706967693,3644.1754981827034,1021.1990796486841,-229.6221606275681,-5890.7190096563945,4756.746433882951,-5818.275913837285
153,4420,4955,4646,4367,4522,4390,4217,4790,4643,4314,4175,-3812.7124543735463,8603.021066869178,-340.54917706860255,11385.20390463165,3638.2370752471356,3626.0381125693098,1025.525565799036,-238.5515389980076,-5873.014905008542,4726.055843527687,-5821.79872052538
154,4411,4945,4657,4329,4526,4360,4204,4766,4628,4343,4204,-3808.124622284511,8608.542619309685,-347.49479038778776,11381.585825385377,3638.6852893499613,3613.120384992054,1017.2367999861202,-241.42710952795048,-5872.494464874825,4710.48895318575,-5829.59924675401
155,4418,4940,4658,4345,4538,4409,4216,4744,4604,4361,4204,-3800.240383352913,8610.703382700634,-344.7605510552109,11380.17422284821,3641.347146824668,3599.9037407616006,1024.3232259176466,-247.87810062319662,-5816.868387287517,4715.609540556214,-5813.135010068117
156,4444,4948,4651,4327,4516,4381,4237,4716,4581,4355,4246,-3791.4436138431715,8618.151267819034,-335.74056269916656,11370.578766680783,3637.4204326739164,3583.5054461692976,1015.0988452118361,-248.60286967753098,-5761.110012110339,4696.24017640493,-5798.472908212321
157,4469,4938,4668,4292,4506,4385,4265,4710,4557,4365,4209,-3787.5551121255717,8609.888860008767,-336.2928021340888,11364.803344120466,3639.5050132558135,3568.480321201509,1015.67523875488,-246.14992842572588,-5700.711430005586,4698.651979219455,-5799.368170570424
158,4435,4933,4649,4284,4488,4393,4247,4715,4539,4377,4174,-3778.915030045134,8600.139282950671,-336.90607653562495,11331.707901550924,3640.5473575431597,3564.1573015165304,1016.4192779054148,-247.14335384133327,-5700.0863375301715,4700.836955140487,-5804.034807299732
159,4420,4937,4645,4256,4472,4405,4242,4721,4551,4380,4135,-3779.0002529312055,8598.315943107875,-326.030364595996,11350.034130134485,3641.7733292267576,3568.6982695418087,1016.8190077127622,-249.13929001239603,-5698.710587028384,4695.040604308418,-5793.374400294768
160,4433,4945,4660,4243,4459,4396,4252,4753,4560,4394,4121,-3771.6357602111116,8609.007419587573,-328.17622241590675,11318.678164200492,3628.5649617284803,3549.649224116752,1017.3041069453823,-248.40696370547505,-5664.711355839776,4690.677394794241,-5793.060760913078
161,4430,4950,4686,4248,4484,4400,4218,4754,4584,4385,4094,-3771.5570499734463,8601.175588666454,-330.4184729440686,11312.096918970288,3623.7409788783684,3534.6239463343395,1014.633322752784,-245.0858747835536,-5650.409714234726,4691.967672711226,-5788.520959792415
162,4435,4978,4693,4243,4501,4415,4231,4735,4567,4375,4082,-3770.861190416895,8591.40320949137,-332.6361930090151,11248.420151872107,3628.5857389329785,3515.522884178245,1017.9535778926426,-254.02489264991698,-5597.382728466793,4680.727786360758,-5770.816489694209
163,4384,5006,4669,4221,4519,4391,4240,4754,4553,4352,4061,-3774.2691505324988,8592.153116163554,-337.5948402614429,11204.127833293473,3619.3823382049263,3510.2435704426757,1017.2159774425804,-255.7572360766708,-5584.332381930852,4678.012693272621,-5746.9905780165855
164,4381,4971,4651,4218,4533,4378,4255,4757,4560,4346,4039,-3768.9809861394174,8593.614928777248,-341.9785275749706,11186.964096862663,3621.253223293866,3501.44026752502,1018.5333120987015,-251.4299723122039,-5494.915561173028,4672.943973015171,-5734.543719260495
165,4383,4942,4635,4227,4464,4388,4253,4727,4575,4329,4055,-3758.678811562805,8597.86496637985,-333.29749246043787,11193.21399262298,3617.0962950730222,3481.4533467292936,1021.8377513544157,-246.67556656258085,-5444.85832661194,4668.969683556421,-5737.343709909635
166,4373,4920,4606,4202,4446,4374,4267,4730,4582,4342,4066,-3758.041611142629,8586.809351111422,-329.954340668475,11127.2811909226,3618.5355651698173,3480.0415609595393,1026.644435659981,-245.4712017928152,-5412.608177065956,4667.3047737011775,-5728.268501324232
167,4347,4908,4614,4221,4429,4374,4290,4722,4569,4300,4053,-3750.913254227723,8568.737854998475,-332.5468478049406,11124.882504566365,3617.363473489593,3472.5197221527137,1033.4874232373184,-248.5026337125298,-5403.8066766201255,4652.73038064566,-5729.9686583477915
168,4377,4908,4633,4196,4443,4364,4281,4729,4585,4284,4030,-3747.360213431579,8577.464943235564,-334.58199642047583,11126.197035415527,3610.835594514433,3468.343022754462,1030.9157320257984,-250.42579932663722,-5395.347142756468,4647.438863525252,-5703.54629587335
169,4381,4928,4621,4199,4436,4344,4298,4705,4557,4274,4027,-3745.7440979873577,8583.570977714015,-335.98062060281916,11074.316754926536,3606.2423601956625,3460.5200542350703,1033.1538531168908,-249.18404540905763,-5308.459421012183,4644.193725231288,-5694.99267838133
170,4359,4914,4626,4207,4453,4346,4271,4718,4556,4230,4019,-3747.9569597118852,8575.375639798352,-335.4888433886757,11054.006306807558,3608.9756594811724,3466.3860109079824,1031.726698586631,-246.77480811118815,-5242.947021322145,4635.968413805149,-5695.84734102181
171,4386,4894,4631,4246,4454,4358,4257,4697,4544,4234,4063,-3745.428264383206,8573.204028305528,-336.74606361127394,11032.041910930491,3609.849285411786,3442.012384061073,1032.8081976925096,-238.66463871072986,-5169.697445932227,4635.591917782434,-5685.988600684678
172,4413,4895,4635,4243,4469,4357,4242,4693,4526,4240,4055,-3731.82682400891,8572.452981844272,-343.2014727294263,10982.00584588209,3610.9885742155293,3437.6152748736495,1032.6554872321424,-239.84138110580068,-5071.179418324107,4648.9857638805415,-5672.576522184019
173,4412,4880,4648,4249,4438,4336,4227,4675,4512,4279,4064,-3732.9134881536793,8568.166788012886,-353.0730693748321,10963.407442377065,3610.4464052646026,3412.8500100081283,1034.0523815439792,-245.1578569398284,-5071.575009092785,4631.110529213782,-5659.32211851085
174,4420,4893,4639,4210,4430,4322,4247,4679,4512,4251,4055,-3732.4967687308854,8564.395943433203,-354.0010432222795,10958.526425569298,3606.752566830495,3394.516991313904,1033.686626537769,-242.92009846563911,-5071.766105646512,4626.700604759315,-5652.147101946917
175,4400,4891,4638,4206,4412,4328,4220,4692,4501,4241,4055,-3726.887284381133,8572.658125818105,-355.9380535210803,10942.509484313474,3609.078123090948,3389.3302261328718,1032.754336448343,-240.8072731990235,-5000.1706751302345,4605.903409563181,-5647.821012732031
176,4395,4891,4627,4196,4402,4330,4216,4660,4509,4245,4055,-3724.221580480118,8570.830190493933,-354.6721820548349,10951.369056996236,3613.6078176154647,3384.1591313578183,1025.5708342854778,-248.75133876706428,-4990.158139304935,4591.826420144945,-5648.402421746767
177,4392,4891,4637,4168,4389,4320,4219,4670,4547,4243,4062,-3716.3233251348483,8571.452065752366,-354.35209949682826,10960.710959173048,3611.6862264732845,3374.690050085547,1017.6784755586108,-253.32546404568018,-4961.762879925737,4597.397617161762,-5641.123330782127
178,4364,4883,4660,4165,4397,4310,4177,4658,4564,4223,4076,-3720.6258699142495,8561.386763492195,-354.5765572184597,10919.999305198302,3621.952648598583,3369.047918430928,1020.8368345724838,-254.32822347433543,-4937.858560440648,4582.131483545138,-5634.614273840143
179,4391,4878,4658,4166,4399,4288,4184,4668,4570,4287,4080,-3710.2751846944907,8573.446985805364,-350.33966581277986,10907.993347896572,3622.70632766018,3360.3766202964357,1022.8045049791303,-257.2534287819179,-4901.047166403771,4581.521122175192,-5633.720073863001
180,4395,4874,4650,4164,4408,4273,4202,4649,4531,4341,4074,-3708.6861001353423,8580.614015425313,-356.1770185409007,10885.17326078639,3617.3758665033,3361.4809013582135,1023.9790940317396,-257.38386092677746,-4844.218243340545,4581.40841839525,-5625.556756384807
181,4379,4839,4633,4160,4408,4308,4226,4661,4522,4330,4053,-3703.168003939851,8571.92917723739,-350.5608822701705,10891.479797193571,3608.0516754853343,3351.034967479215,1030.7364074467405,-251.3548227682919,-4843.115942100367,4576.762961984889,-5630.0928021611635
182,4363,4843,4622,4169,4426,4282,4178,4677,4487,4364,4055,-3698.8714200415134,8556.769637381374,-350.3248102436118,10888.615061379673,3610.8154832611435,3339.735686937557,1031.383241106477,-258.20935382069405,-4835.754696800698,4574.501343927501,-5623.165934900597
183,4317,4854,4625,4194,4402,4315,4169,4648,4509,4341,4055,-3694.245286709914,8547.915529830056,-348.70886356059015,10864.888628176905,3610.6689060303324,3325.784482734175,1036.237951344867,-247.60197643712394,-4818.2110134521245,4570.939460416895,-5629.4854773923435
184,4341,4855,4654,4169,4431,4320,4178,4665,4483,4314,4027,-3687.2338107010214,8534.363150301951,-350.1781401609706,10854.914275674175,3611.29156742319,3315.0601550391634,1035.5774935933807,-245.20843428515323,-4728.958606593217,4571.003115474733,-5626.737140504976
185,4333,4839,4629,4183,4405,4310,4194,4649,4453,4308,4035,-3689.3658865048847,8536.503629580937,-347.86072142984887,10848.493044632678,3614.0865851227654,3292.5135541550744,1042.4062425388356,-244.87573823432982,-4725.496136300901,4571.460937483204,-5629.148180786458
186,4288,4829,4622,4184,4419,4314,4162,4653,4464,4302,4050,-3682.166549083909,8526.51408228706,-356.4444015969692,10851.829741006637,3606.6280610742124,3281.5874028483386,1052.1135467350928,-239.3146919470013,-4646.849704992294,4553.8179878191395,-5632.826713393551
187,4305,4794,4629,4166,4422,4279,4204,4674,4464,4268,4081,-3682.7413440809837,8525.990402382638,-359.67999589394896,10830.06046179888,3608.3204450245803,3279.950813443238,1052.6092982713624,-235.7896806221001,-4615.223092392183,4555.920551963592,-5633.660052306995
188,4299,4798,4626,4183,4442,4276,4188,4697,4482,4275,4099,-3665.903700602936,8513.149624238671,-368.06668412070263,10799.383818760454,3606.928254125176,3272.1367477291546,1056.6803189993577,-232.13914158941284,-4586.604069776396,4539.276475996146,-5627.337811768271
189,4290,4801,4655,4194,4386,4297,4209,4701,4489,4264,4119,-3668.723255232589,8508.297819427087,-363.9655807537665,10789.824572963029,3608.318658178792,3261.4603921179387,1054.647455980044,-231.62019869508947,-4584.439875904965,4545.577930253852,-5624.138509549092
190,4280,4814,4639,4171,4398,4311,4199,4710,4499,4284,4135,-3672.105750418877,8508.079088825512,-360.3402688720489,10777.767686487028,3608.037862107934,3261.6371355821293,1059.420878867204,-236.20817850140284,-4517.391202389423,4535.182246177587,-5626.98035608118
191,4289,4830,4631,4161,4362,4311,4212,4697,4535,4274,4117,-3671.278372860512,8509.24552482049,-367.63535659901413,10779.800345465197,3604.926041774346,3253.09485717015,1064.7646399834168,-243.9698975773031,-4472.950875362597,4530.0950057238915,-5620.657739001709
192,4305,4844,4606,4163,4344,4310,4207,4677,4532,4261,4062,-3667.8973264689944,8495.030455231765,-371.54455278131167,10782.484437790241,3601.786415891582,3239.438290092348,1071.463735877941,-242.37799698848252,-4420.414424945134,4508.926857567196,-5615.649707069236
193,4336,4846,4604,4149,4357,4335,4231,4677,4528,4240,4047,-3666.4050157034576,8500.98666233713,-375.1139039925204,10757.492698375101,3604.8601327937067,3229.382608417992,1068.944401546865,-245.3904394623319,-4423.73156032548,4514.244197791973,-5615.639585228236
194,4339,4876,4586,4136,4359,4322,4220,4688,4493,4253,4019,-3674.2782981547502,8496.763570524068,-371.92703756825773,10753.668693270754,3597.248926849805,3219.239683558431,1068.2814903515416,-246.67124687203238,-4411.191385531309,4509.624390748197,-5610.837300024972
195,4323,4858,4572,4165,4344,4332,4217,4697,4436,4272,4025,-3674.430786511129,8496.865887843982,-370.16445221430706,10760.208111068296,3598.8526494905623,3210.9477038188807,1070.8422753262664,-249.34600575612188,-4316.314856720689,4504.8025729400015,-5586.448056507861
196,4320,4848,4578,4179,4331,4329,4209,4711,4451,4281,4018,-3666.0040322633286,8480.68294923632,-380.2094405673823,10750.49937336599,3597.0022512211467,3176.517754611687,1071.8476301892356,-245.05365508553194,-4305.6976199110995,4505.410052183362,-5577.380323917249
197,4330,4844,4573,4171,4341,4341,4202,4690,4460,4266,4025,-3660.8659408936296,8453.300055505519,-381.06021544411374,10729.719111193845,3600.287140884691,3164.8306307032467,1069.152931129232,-248.95928916176052,-4275.9644070408185,4500.841785099524,-5584.158207009087
198,4308,4833,4593,4136,4343,4303,4189,4712,4465,4289,4012,-3654.2685444547733,8450.549280288986,-379.46856858446444,10714.586200786023,3603.4171365094044,3140.779654916091,1067.588305383708,-248.8073241159127,-4256.630219321272,4474.339262417249,-5588.6537363880925
199,4317,4822,4589,4118,4374,4292,4177,4693,4468,4252,4028,-3659.583272475436,8455.358226147737,-379.92407289302156,10718.827876511396,3601.1096803228847,3130.97845569824,1064.9887092711033,-252.3455804146954,-4215.824739430543,4464.535401168727,-5585.410567625969
